trial,block,im1,im2,im3,im4,im5,im6,im7,im8,im9,im10,im11,im12,im13,im14,im15,im16,index,block
1,1_happysad,048_y_f_s_b.jpg,049_y_m_h_a.jpg,106_y_f_h_a.jpg,008_y_m_s_b.jpg,072_y_m_h_b.jpg,173_y_f_s_b.jpg,090_y_f_h_a.jpg,069_y_f_s_b.jpg,101_y_f_h_b.jpg,144_y_m_h_b.jpg,160_y_m_s_b.jpg,062_y_m_s_b.jpg,119_y_m_h_a.jpg,175_y_m_s_b.jpg,177_y_f_h_a.jpg,054_y_f_s_a.jpg,im1_3fs__im2_2mh__im3_11fh__im4_1ms__im5_10mh__im6_15fs__im7_8fh__im8_7fs__im9_12fh__im10_5mh__im11_13ms__im12_9ms__im13_6mh__im14_14ms__im15_16fh__im16_4fs__,0
2,1_happysad,062_y_m_h_b.jpg,048_y_f_h_a.jpg,173_y_f_h_b.jpg,008_y_m_h_a.jpg,090_y_f_s_a.jpg,144_y_m_s_a.jpg,106_y_f_s_a.jpg,049_y_m_s_a.jpg,175_y_m_h_b.jpg,160_y_m_h_b.jpg,069_y_f_h_b.jpg,072_y_m_s_a.jpg,101_y_f_s_b.jpg,119_y_m_s_b.jpg,177_y_f_s_b.jpg,054_y_f_h_a.jpg,im1_9mh__im2_3fh__im3_15fh__im4_1mh__im5_8fs__im6_5ms__im7_11fs__im8_2ms__im9_14mh__im10_13mh__im11_7fh__im12_10ms__im13_12fs__im14_6ms__im15_16fs__im16_4fh__,0
3,1_happysad,049_y_m_s_a.jpg,008_y_m_h_a.jpg,048_y_f_h_a.jpg,106_y_f_s_a.jpg,062_y_m_h_b.jpg,160_y_m_h_b.jpg,144_y_m_s_a.jpg,072_y_m_s_a.jpg,069_y_f_h_b.jpg,090_y_f_s_a.jpg,173_y_f_h_b.jpg,101_y_f_s_b.jpg,175_y_m_h_b.jpg,054_y_f_h_a.jpg,119_y_m_s_b.jpg,177_y_f_s_b.jpg,im1_2ms__im2_1mh__im3_3fh__im4_11fs__im5_9mh__im6_13mh__im7_5ms__im8_10ms__im9_7fh__im10_8fs__im11_15fh__im12_12fs__im13_14mh__im14_4fh__im15_6ms__im16_16fs__,0
4,1_happysad,049_y_m_h_a.jpg,048_y_f_s_b.jpg,177_y_f_h_a.jpg,062_y_m_s_b.jpg,101_y_f_h_b.jpg,144_y_m_h_b.jpg,069_y_f_s_b.jpg,054_y_f_s_a.jpg,072_y_m_h_b.jpg,160_y_m_s_b.jpg,106_y_f_h_a.jpg,173_y_f_s_b.jpg,008_y_m_s_b.jpg,090_y_f_h_a.jpg,119_y_m_h_a.jpg,175_y_m_s_b.jpg,im1_2mh__im2_3fs__im3_16fh__im4_9ms__im5_12fh__im6_5mh__im7_7fs__im8_4fs__im9_10mh__im10_13ms__im11_11fh__im12_15fs__im13_1ms__im14_8fh__im15_6mh__im16_14ms__,0
5,1_happysad,072_y_m_h_b.jpg,090_y_f_h_a.jpg,101_y_f_h_b.jpg,069_y_f_s_b.jpg,062_y_m_s_b.jpg,119_y_m_h_a.jpg,177_y_f_h_a.jpg,049_y_m_h_a.jpg,048_y_f_s_b.jpg,008_y_m_s_b.jpg,054_y_f_s_a.jpg,175_y_m_s_b.jpg,160_y_m_s_b.jpg,106_y_f_h_a.jpg,144_y_m_h_b.jpg,173_y_f_s_b.jpg,im1_10mh__im2_8fh__im3_12fh__im4_7fs__im5_9ms__im6_6mh__im7_16fh__im8_2mh__im9_3fs__im10_1ms__im11_4fs__im12_14ms__im13_13ms__im14_11fh__im15_5mh__im16_15fs__,0
6,1_happysad,090_y_f_s_a.jpg,072_y_m_s_a.jpg,069_y_f_h_b.jpg,175_y_m_h_b.jpg,049_y_m_s_a.jpg,119_y_m_s_b.jpg,008_y_m_h_a.jpg,177_y_f_s_b.jpg,054_y_f_h_a.jpg,101_y_f_s_b.jpg,048_y_f_h_a.jpg,062_y_m_h_b.jpg,106_y_f_s_a.jpg,144_y_m_s_a.jpg,173_y_f_h_b.jpg,160_y_m_h_b.jpg,im1_8fs__im2_10ms__im3_7fh__im4_14mh__im5_2ms__im6_6ms__im7_1mh__im8_16fs__im9_4fh__im10_12fs__im11_3fh__im12_9mh__im13_11fs__im14_5ms__im15_15fh__im16_13mh__,0
7,1_happysad,054_y_f_h_a.jpg,106_y_f_s_a.jpg,008_y_m_h_a.jpg,144_y_m_s_a.jpg,160_y_m_h_b.jpg,173_y_f_h_b.jpg,072_y_m_s_a.jpg,101_y_f_s_b.jpg,048_y_f_h_a.jpg,062_y_m_h_b.jpg,090_y_f_s_a.jpg,119_y_m_s_b.jpg,177_y_f_s_b.jpg,049_y_m_s_a.jpg,069_y_f_h_b.jpg,175_y_m_h_b.jpg,im1_4fh__im2_11fs__im3_1mh__im4_5ms__im5_13mh__im6_15fh__im7_10ms__im8_12fs__im9_3fh__im10_9mh__im11_8fs__im12_6ms__im13_16fs__im14_2ms__im15_7fh__im16_14mh__,0
8,1_happysad,119_y_m_h_a.jpg,173_y_f_s_b.jpg,062_y_m_s_b.jpg,177_y_f_h_a.jpg,090_y_f_h_a.jpg,049_y_m_h_a.jpg,106_y_f_h_a.jpg,160_y_m_s_b.jpg,054_y_f_s_a.jpg,175_y_m_s_b.jpg,069_y_f_s_b.jpg,144_y_m_h_b.jpg,101_y_f_h_b.jpg,072_y_m_h_b.jpg,048_y_f_s_b.jpg,008_y_m_s_b.jpg,im1_6mh__im2_15fs__im3_9ms__im4_16fh__im5_8fh__im6_2mh__im7_11fh__im8_13ms__im9_4fs__im10_14ms__im11_7fs__im12_5mh__im13_12fh__im14_10mh__im15_3fs__im16_1ms__,0
9,1_happysad,106_y_f_h_a.jpg,008_y_m_s_b.jpg,144_y_m_h_b.jpg,054_y_f_s_a.jpg,048_y_f_s_b.jpg,062_y_m_s_b.jpg,072_y_m_h_b.jpg,101_y_f_h_b.jpg,160_y_m_s_b.jpg,090_y_f_h_a.jpg,173_y_f_s_b.jpg,119_y_m_h_a.jpg,049_y_m_h_a.jpg,177_y_f_h_a.jpg,175_y_m_s_b.jpg,069_y_f_s_b.jpg,im1_11fh__im2_1ms__im3_5mh__im4_4fs__im5_3fs__im6_9ms__im7_10mh__im8_12fh__im9_13ms__im10_8fh__im11_15fs__im12_6mh__im13_2mh__im14_16fh__im15_14ms__im16_7fs__,0
10,1_happysad,119_y_m_s_b.jpg,177_y_f_s_b.jpg,090_y_f_s_a.jpg,062_y_m_h_b.jpg,173_y_f_h_b.jpg,069_y_f_h_b.jpg,160_y_m_h_b.jpg,175_y_m_h_b.jpg,049_y_m_s_a.jpg,106_y_f_s_a.jpg,144_y_m_s_a.jpg,054_y_f_h_a.jpg,008_y_m_h_a.jpg,072_y_m_s_a.jpg,048_y_f_h_a.jpg,101_y_f_s_b.jpg,im1_6ms__im2_16fs__im3_8fs__im4_9mh__im5_15fh__im6_7fh__im7_13mh__im8_14mh__im9_2ms__im10_11fs__im11_5ms__im12_4fh__im13_1mh__im14_10ms__im15_3fh__im16_12fs__,0
11,1_happysad,175_y_m_h_b.jpg,144_y_m_s_a.jpg,054_y_f_h_a.jpg,177_y_f_s_b.jpg,119_y_m_s_b.jpg,072_y_m_s_a.jpg,062_y_m_h_b.jpg,173_y_f_h_b.jpg,160_y_m_h_b.jpg,048_y_f_h_a.jpg,101_y_f_s_b.jpg,090_y_f_s_a.jpg,049_y_m_s_a.jpg,106_y_f_s_a.jpg,008_y_m_h_a.jpg,069_y_f_h_b.jpg,im1_14mh__im2_5ms__im3_4fh__im4_16fs__im5_6ms__im6_10ms__im7_9mh__im8_15fh__im9_13mh__im10_3fh__im11_12fs__im12_8fs__im13_2ms__im14_11fs__im15_1mh__im16_7fh__,0
12,1_happysad,069_y_f_s_b.jpg,072_y_m_h_b.jpg,175_y_m_s_b.jpg,160_y_m_s_b.jpg,106_y_f_h_a.jpg,054_y_f_s_a.jpg,008_y_m_s_b.jpg,048_y_f_s_b.jpg,049_y_m_h_a.jpg,177_y_f_h_a.jpg,119_y_m_h_a.jpg,101_y_f_h_b.jpg,173_y_f_s_b.jpg,062_y_m_s_b.jpg,090_y_f_h_a.jpg,144_y_m_h_b.jpg,im1_7fs__im2_10mh__im3_14ms__im4_13ms__im5_11fh__im6_4fs__im7_1ms__im8_3fs__im9_2mh__im10_16fh__im11_6mh__im12_12fh__im13_15fs__im14_9ms__im15_8fh__im16_5mh__,0
13,1_happysad,008_y_m_s_b.jpg,106_y_f_h_a.jpg,048_y_f_s_b.jpg,049_y_m_h_a.jpg,175_y_m_s_b.jpg,090_y_f_h_a.jpg,173_y_f_s_b.jpg,144_y_m_h_b.jpg,069_y_f_s_b.jpg,072_y_m_h_b.jpg,062_y_m_s_b.jpg,160_y_m_s_b.jpg,177_y_f_h_a.jpg,119_y_m_h_a.jpg,054_y_f_s_a.jpg,101_y_f_h_b.jpg,im1_1ms__im2_11fh__im3_3fs__im4_2mh__im5_14ms__im6_8fh__im7_15fs__im8_5mh__im9_7fs__im10_10mh__im11_9ms__im12_13ms__im13_16fh__im14_6mh__im15_4fs__im16_12fh__,0
14,1_happysad,054_y_f_s_a.jpg,144_y_m_h_b.jpg,008_y_m_s_b.jpg,106_y_f_h_a.jpg,160_y_m_s_b.jpg,072_y_m_h_b.jpg,062_y_m_s_b.jpg,119_y_m_h_a.jpg,173_y_f_s_b.jpg,101_y_f_h_b.jpg,048_y_f_s_b.jpg,090_y_f_h_a.jpg,175_y_m_s_b.jpg,069_y_f_s_b.jpg,049_y_m_h_a.jpg,177_y_f_h_a.jpg,im1_4fs__im2_5mh__im3_1ms__im4_11fh__im5_13ms__im6_10mh__im7_9ms__im8_6mh__im9_15fs__im10_12fh__im11_3fs__im12_8fh__im13_14ms__im14_7fs__im15_2mh__im16_16fh__,0
15,1_happysad,072_y_m_s_a.jpg,175_y_m_h_b.jpg,049_y_m_s_a.jpg,069_y_f_h_b.jpg,101_y_f_s_b.jpg,177_y_f_s_b.jpg,119_y_m_s_b.jpg,090_y_f_s_a.jpg,062_y_m_h_b.jpg,008_y_m_h_a.jpg,054_y_f_h_a.jpg,048_y_f_h_a.jpg,173_y_f_h_b.jpg,160_y_m_h_b.jpg,106_y_f_s_a.jpg,144_y_m_s_a.jpg,im1_10ms__im2_14mh__im3_2ms__im4_7fh__im5_12fs__im6_16fs__im7_6ms__im8_8fs__im9_9mh__im10_1mh__im11_4fh__im12_3fh__im13_15fh__im14_13mh__im15_11fs__im16_5ms__,0
16,1_happysad,062_y_m_s_b.jpg,177_y_f_h_a.jpg,049_y_m_h_a.jpg,048_y_f_s_b.jpg,069_y_f_s_b.jpg,160_y_m_s_b.jpg,144_y_m_h_b.jpg,072_y_m_h_b.jpg,175_y_m_s_b.jpg,173_y_f_s_b.jpg,090_y_f_h_a.jpg,106_y_f_h_a.jpg,054_y_f_s_a.jpg,008_y_m_s_b.jpg,101_y_f_h_b.jpg,119_y_m_h_a.jpg,im1_9ms__im2_16fh__im3_2mh__im4_3fs__im5_7fs__im6_13ms__im7_5mh__im8_10mh__im9_14ms__im10_15fs__im11_8fh__im12_11fh__im13_4fs__im14_1ms__im15_12fh__im16_6mh__,0
17,1_happysad,173_y_f_s_b.jpg,160_y_m_s_b.jpg,119_y_m_h_a.jpg,101_y_f_h_b.jpg,177_y_f_h_a.jpg,106_y_f_h_a.jpg,175_y_m_s_b.jpg,090_y_f_h_a.jpg,144_y_m_h_b.jpg,069_y_f_s_b.jpg,049_y_m_h_a.jpg,008_y_m_s_b.jpg,048_y_f_s_b.jpg,054_y_f_s_a.jpg,062_y_m_s_b.jpg,072_y_m_h_b.jpg,im1_15fs__im2_13ms__im3_6mh__im4_12fh__im5_16fh__im6_11fh__im7_14ms__im8_8fh__im9_5mh__im10_7fs__im11_2mh__im12_1ms__im13_3fs__im14_4fs__im15_9ms__im16_10mh__,0
18,1_happysad,069_y_f_h_b.jpg,062_y_m_h_b.jpg,072_y_m_s_a.jpg,160_y_m_h_b.jpg,048_y_f_h_a.jpg,054_y_f_h_a.jpg,049_y_m_s_a.jpg,008_y_m_h_a.jpg,119_y_m_s_b.jpg,175_y_m_h_b.jpg,177_y_f_s_b.jpg,106_y_f_s_a.jpg,090_y_f_s_a.jpg,101_y_f_s_b.jpg,144_y_m_s_a.jpg,173_y_f_h_b.jpg,im1_7fh__im2_9mh__im3_10ms__im4_13mh__im5_3fh__im6_4fh__im7_2ms__im8_1mh__im9_6ms__im10_14mh__im11_16fs__im12_11fs__im13_8fs__im14_12fs__im15_5ms__im16_15fh__,0
19,1_happysad,175_y_m_s_b.jpg,069_y_f_s_b.jpg,072_y_m_h_b.jpg,090_y_f_h_a.jpg,054_y_f_s_a.jpg,008_y_m_s_b.jpg,048_y_f_s_b.jpg,177_y_f_h_a.jpg,062_y_m_s_b.jpg,119_y_m_h_a.jpg,101_y_f_h_b.jpg,049_y_m_h_a.jpg,144_y_m_h_b.jpg,173_y_f_s_b.jpg,160_y_m_s_b.jpg,106_y_f_h_a.jpg,im1_14ms__im2_7fs__im3_10mh__im4_8fh__im5_4fs__im6_1ms__im7_3fs__im8_16fh__im9_9ms__im10_6mh__im11_12fh__im12_2mh__im13_5mh__im14_15fs__im15_13ms__im16_11fh__,0
20,1_happysad,048_y_f_h_a.jpg,101_y_f_s_b.jpg,177_y_f_s_b.jpg,049_y_m_s_a.jpg,106_y_f_s_a.jpg,090_y_f_s_a.jpg,173_y_f_h_b.jpg,069_y_f_h_b.jpg,072_y_m_s_a.jpg,144_y_m_s_a.jpg,160_y_m_h_b.jpg,175_y_m_h_b.jpg,119_y_m_s_b.jpg,062_y_m_h_b.jpg,054_y_f_h_a.jpg,008_y_m_h_a.jpg,im1_3fh__im2_12fs__im3_16fs__im4_2ms__im5_11fs__im6_8fs__im7_15fh__im8_7fh__im9_10ms__im10_5ms__im11_13mh__im12_14mh__im13_6ms__im14_9mh__im15_4fh__im16_1mh__,0
21,1_happysad,177_y_f_s_b.jpg,049_y_m_s_a.jpg,106_y_f_s_a.jpg,048_y_f_h_a.jpg,069_y_f_h_b.jpg,062_y_m_h_b.jpg,090_y_f_s_a.jpg,160_y_m_h_b.jpg,101_y_f_s_b.jpg,173_y_f_h_b.jpg,072_y_m_s_a.jpg,144_y_m_s_a.jpg,054_y_f_h_a.jpg,008_y_m_h_a.jpg,175_y_m_h_b.jpg,119_y_m_s_b.jpg,im1_16fs__im2_2ms__im3_11fs__im4_3fh__im5_7fh__im6_9mh__im7_8fs__im8_13mh__im9_12fs__im10_15fh__im11_10ms__im12_5ms__im13_4fh__im14_1mh__im15_14mh__im16_6ms__,0
22,1_happysad,101_y_f_h_b.jpg,119_y_m_h_a.jpg,160_y_m_s_b.jpg,173_y_f_s_b.jpg,144_y_m_h_b.jpg,177_y_f_h_a.jpg,049_y_m_h_a.jpg,008_y_m_s_b.jpg,106_y_f_h_a.jpg,054_y_f_s_a.jpg,175_y_m_s_b.jpg,069_y_f_s_b.jpg,090_y_f_h_a.jpg,048_y_f_s_b.jpg,072_y_m_h_b.jpg,062_y_m_s_b.jpg,im1_12fh__im2_6mh__im3_13ms__im4_15fs__im5_5mh__im6_16fh__im7_2mh__im8_1ms__im9_11fh__im10_4fs__im11_14ms__im12_7fs__im13_8fh__im14_3fs__im15_10mh__im16_9ms__,0
23,1_happysad,101_y_f_s_b.jpg,069_y_f_h_b.jpg,160_y_m_h_b.jpg,072_y_m_s_a.jpg,175_y_m_h_b.jpg,008_y_m_h_a.jpg,054_y_f_h_a.jpg,048_y_f_h_a.jpg,106_y_f_s_a.jpg,177_y_f_s_b.jpg,119_y_m_s_b.jpg,049_y_m_s_a.jpg,144_y_m_s_a.jpg,173_y_f_h_b.jpg,090_y_f_s_a.jpg,062_y_m_h_b.jpg,im1_12fs__im2_7fh__im3_13mh__im4_10ms__im5_14mh__im6_1mh__im7_4fh__im8_3fh__im9_11fs__im10_16fs__im11_6ms__im12_2ms__im13_5ms__im14_15fh__im15_8fs__im16_9mh__,0
24,1_happysad,008_y_m_h_a.jpg,173_y_f_h_b.jpg,062_y_m_h_b.jpg,119_y_m_s_b.jpg,054_y_f_h_a.jpg,049_y_m_s_a.jpg,175_y_m_h_b.jpg,144_y_m_s_a.jpg,090_y_f_s_a.jpg,069_y_f_h_b.jpg,106_y_f_s_a.jpg,160_y_m_h_b.jpg,072_y_m_s_a.jpg,177_y_f_s_b.jpg,101_y_f_s_b.jpg,048_y_f_h_a.jpg,im1_1mh__im2_15fh__im3_9mh__im4_6ms__im5_4fh__im6_2ms__im7_14mh__im8_5ms__im9_8fs__im10_7fh__im11_11fs__im12_13mh__im13_10ms__im14_16fs__im15_12fs__im16_3fh__,0
25,1_happysad,160_y_m_s_b.jpg,101_y_f_h_b.jpg,069_y_f_s_b.jpg,072_y_m_h_b.jpg,119_y_m_h_a.jpg,175_y_m_s_b.jpg,054_y_f_s_a.jpg,106_y_f_h_a.jpg,008_y_m_s_b.jpg,049_y_m_h_a.jpg,177_y_f_h_a.jpg,048_y_f_s_b.jpg,062_y_m_s_b.jpg,144_y_m_h_b.jpg,173_y_f_s_b.jpg,090_y_f_h_a.jpg,im1_13ms__im2_12fh__im3_7fs__im4_10mh__im5_6mh__im6_14ms__im7_4fs__im8_11fh__im9_1ms__im10_2mh__im11_16fh__im12_3fs__im13_9ms__im14_5mh__im15_15fs__im16_8fh__,0
26,1_happysad,144_y_m_s_a.jpg,054_y_f_h_a.jpg,175_y_m_h_b.jpg,090_y_f_s_a.jpg,177_y_f_s_b.jpg,048_y_f_h_a.jpg,101_y_f_s_b.jpg,119_y_m_s_b.jpg,173_y_f_h_b.jpg,072_y_m_s_a.jpg,062_y_m_h_b.jpg,008_y_m_h_a.jpg,160_y_m_h_b.jpg,069_y_f_h_b.jpg,049_y_m_s_a.jpg,106_y_f_s_a.jpg,im1_5ms__im2_4fh__im3_14mh__im4_8fs__im5_16fs__im6_3fh__im7_12fs__im8_6ms__im9_15fh__im10_10ms__im11_9mh__im12_1mh__im13_13mh__im14_7fh__im15_2ms__im16_11fs__,0
27,1_happysad,106_y_f_s_a.jpg,090_y_f_s_a.jpg,144_y_m_s_a.jpg,054_y_f_h_a.jpg,072_y_m_s_a.jpg,101_y_f_s_b.jpg,048_y_f_h_a.jpg,062_y_m_h_b.jpg,177_y_f_s_b.jpg,119_y_m_s_b.jpg,008_y_m_h_a.jpg,173_y_f_h_b.jpg,069_y_f_h_b.jpg,175_y_m_h_b.jpg,160_y_m_h_b.jpg,049_y_m_s_a.jpg,im1_11fs__im2_8fs__im3_5ms__im4_4fh__im5_10ms__im6_12fs__im7_3fh__im8_9mh__im9_16fs__im10_6ms__im11_1mh__im12_15fh__im13_7fh__im14_14mh__im15_13mh__im16_2ms__,0
28,1_happysad,173_y_f_h_b.jpg,160_y_m_h_b.jpg,119_y_m_s_b.jpg,101_y_f_s_b.jpg,144_y_m_s_a.jpg,106_y_f_s_a.jpg,069_y_f_h_b.jpg,054_y_f_h_a.jpg,008_y_m_h_a.jpg,049_y_m_s_a.jpg,175_y_m_h_b.jpg,177_y_f_s_b.jpg,048_y_f_h_a.jpg,090_y_f_s_a.jpg,062_y_m_h_b.jpg,072_y_m_s_a.jpg,im1_15fh__im2_13mh__im3_6ms__im4_12fs__im5_5ms__im6_11fs__im7_7fh__im8_4fh__im9_1mh__im10_2ms__im11_14mh__im12_16fs__im13_3fh__im14_8fs__im15_9mh__im16_10ms__,0
29,1_happysad,177_y_f_h_a.jpg,062_y_m_s_b.jpg,173_y_f_s_b.jpg,119_y_m_h_a.jpg,049_y_m_h_a.jpg,069_y_f_s_b.jpg,160_y_m_s_b.jpg,175_y_m_s_b.jpg,090_y_f_h_a.jpg,106_y_f_h_a.jpg,144_y_m_h_b.jpg,054_y_f_s_a.jpg,072_y_m_h_b.jpg,101_y_f_h_b.jpg,008_y_m_s_b.jpg,048_y_f_s_b.jpg,im1_16fh__im2_9ms__im3_15fs__im4_6mh__im5_2mh__im6_7fs__im7_13ms__im8_14ms__im9_8fh__im10_11fh__im11_5mh__im12_4fs__im13_10mh__im14_12fh__im15_1ms__im16_3fs__,0
30,1_happysad,144_y_m_h_b.jpg,054_y_f_s_a.jpg,090_y_f_h_a.jpg,175_y_m_s_b.jpg,173_y_f_s_b.jpg,101_y_f_h_b.jpg,119_y_m_h_a.jpg,062_y_m_s_b.jpg,177_y_f_h_a.jpg,048_y_f_s_b.jpg,008_y_m_s_b.jpg,072_y_m_h_b.jpg,069_y_f_s_b.jpg,049_y_m_h_a.jpg,106_y_f_h_a.jpg,160_y_m_s_b.jpg,im1_5mh__im2_4fs__im3_8fh__im4_14ms__im5_15fs__im6_12fh__im7_6mh__im8_9ms__im9_16fh__im10_3fs__im11_1ms__im12_10mh__im13_7fs__im14_2mh__im15_11fh__im16_13ms__,0
31,1_happysad,160_y_m_h_b.jpg,119_y_m_s_b.jpg,101_y_f_s_b.jpg,173_y_f_h_b.jpg,008_y_m_h_a.jpg,175_y_m_h_b.jpg,177_y_f_s_b.jpg,106_y_f_s_a.jpg,144_y_m_s_a.jpg,054_y_f_h_a.jpg,049_y_m_s_a.jpg,069_y_f_h_b.jpg,062_y_m_h_b.jpg,048_y_f_h_a.jpg,072_y_m_s_a.jpg,090_y_f_s_a.jpg,im1_13mh__im2_6ms__im3_12fs__im4_15fh__im5_1mh__im6_14mh__im7_16fs__im8_11fs__im9_5ms__im10_4fh__im11_2ms__im12_7fh__im13_9mh__im14_3fh__im15_10ms__im16_8fs__,0
32,1_happysad,090_y_f_h_a.jpg,175_y_m_s_b.jpg,054_y_f_s_a.jpg,144_y_m_h_b.jpg,008_y_m_s_b.jpg,048_y_f_s_b.jpg,101_y_f_h_b.jpg,173_y_f_s_b.jpg,119_y_m_h_a.jpg,062_y_m_s_b.jpg,072_y_m_h_b.jpg,177_y_f_h_a.jpg,106_y_f_h_a.jpg,160_y_m_s_b.jpg,069_y_f_s_b.jpg,049_y_m_h_a.jpg,im1_8fh__im2_14ms__im3_4fs__im4_5mh__im5_1ms__im6_3fs__im7_12fh__im8_15fs__im9_6mh__im10_9ms__im11_10mh__im12_16fh__im13_11fh__im14_13ms__im15_7fs__im16_2mh__,0
1,2_happysad,160_y_m_h_b.jpg,062_y_m_s_b.jpg,101_y_f_s_b.jpg,173_y_f_h_b.jpg,144_y_m_s_a.jpg,049_y_m_s_a.jpg,119_y_m_h_a.jpg,090_y_f_s_a.jpg,072_y_m_h_b.jpg,054_y_f_h_a.jpg,048_y_f_s_b.jpg,177_y_f_h_a.jpg,008_y_m_s_b.jpg,069_y_f_s_b.jpg,175_y_m_h_b.jpg,106_y_f_h_a.jpg,im1_13mh__im2_9ms__im3_12fs__im4_15fh__im5_5ms__im6_2ms__im7_6mh__im8_8fs__im9_10mh__im10_4fh__im11_3fs__im12_16fh__im13_1ms__im14_7fs__im15_14mh__im16_11fh__,1
2,2_happysad,144_y_m_s_a.jpg,160_y_m_h_b.jpg,173_y_f_h_b.jpg,101_y_f_s_b.jpg,054_y_f_h_a.jpg,090_y_f_s_a.jpg,049_y_m_s_a.jpg,048_y_f_s_b.jpg,062_y_m_s_b.jpg,177_y_f_h_a.jpg,119_y_m_h_a.jpg,072_y_m_h_b.jpg,175_y_m_h_b.jpg,106_y_f_h_a.jpg,008_y_m_s_b.jpg,069_y_f_s_b.jpg,im1_5ms__im2_13mh__im3_15fh__im4_12fs__im5_4fh__im6_8fs__im7_2ms__im8_3fs__im9_9ms__im10_16fh__im11_6mh__im12_10mh__im13_14mh__im14_11fh__im15_1ms__im16_7fs__,0
3,2_happysad,062_y_m_h_b.jpg,069_y_f_h_b.jpg,177_y_f_s_b.jpg,119_y_m_s_b.jpg,008_y_m_h_a.jpg,072_y_m_s_a.jpg,144_y_m_h_b.jpg,175_y_m_s_b.jpg,160_y_m_s_b.jpg,106_y_f_s_a.jpg,101_y_f_h_b.jpg,173_y_f_s_b.jpg,054_y_f_s_a.jpg,090_y_f_h_a.jpg,049_y_m_h_a.jpg,048_y_f_h_a.jpg,im1_9mh__im2_7fh__im3_16fs__im4_6ms__im5_1mh__im6_10ms__im7_5mh__im8_14ms__im9_13ms__im10_11fs__im11_12fh__im12_15fs__im13_4fs__im14_8fh__im15_2mh__im16_3fh__,0
4,2_happysad,069_y_f_s_b.jpg,119_y_m_h_a.jpg,008_y_m_s_b.jpg,054_y_f_h_a.jpg,049_y_m_s_a.jpg,177_y_f_h_a.jpg,144_y_m_s_a.jpg,175_y_m_h_b.jpg,101_y_f_s_b.jpg,072_y_m_h_b.jpg,090_y_f_s_a.jpg,106_y_f_h_a.jpg,062_y_m_s_b.jpg,048_y_f_s_b.jpg,160_y_m_h_b.jpg,173_y_f_h_b.jpg,im1_7fs__im2_6mh__im3_1ms__im4_4fh__im5_2ms__im6_16fh__im7_5ms__im8_14mh__im9_12fs__im10_10mh__im11_8fs__im12_11fh__im13_9ms__im14_3fs__im15_13mh__im16_15fh__,0
5,2_happysad,048_y_f_s_b.jpg,072_y_m_h_b.jpg,062_y_m_s_b.jpg,177_y_f_h_a.jpg,069_y_f_s_b.jpg,175_y_m_h_b.jpg,101_y_f_s_b.jpg,173_y_f_h_b.jpg,160_y_m_h_b.jpg,106_y_f_h_a.jpg,008_y_m_s_b.jpg,144_y_m_s_a.jpg,090_y_f_s_a.jpg,054_y_f_h_a.jpg,119_y_m_h_a.jpg,049_y_m_s_a.jpg,im1_3fs__im2_10mh__im3_9ms__im4_16fh__im5_7fs__im6_14mh__im7_12fs__im8_15fh__im9_13mh__im10_11fh__im11_1ms__im12_5ms__im13_8fs__im14_4fh__im15_6mh__im16_2ms__,0
6,2_happysad,072_y_m_h_b.jpg,106_y_f_h_a.jpg,049_y_m_s_a.jpg,048_y_f_s_b.jpg,008_y_m_s_b.jpg,160_y_m_h_b.jpg,173_y_f_h_b.jpg,101_y_f_s_b.jpg,175_y_m_h_b.jpg,062_y_m_s_b.jpg,069_y_f_s_b.jpg,054_y_f_h_a.jpg,177_y_f_h_a.jpg,090_y_f_s_a.jpg,144_y_m_s_a.jpg,119_y_m_h_a.jpg,im1_10mh__im2_11fh__im3_2ms__im4_3fs__im5_1ms__im6_13mh__im7_15fh__im8_12fs__im9_14mh__im10_9ms__im11_7fs__im12_4fh__im13_16fh__im14_8fs__im15_5ms__im16_6mh__,0
7,2_happysad,119_y_m_s_b.jpg,062_y_m_h_b.jpg,069_y_f_h_b.jpg,177_y_f_s_b.jpg,090_y_f_h_a.jpg,106_y_f_s_a.jpg,101_y_f_h_b.jpg,173_y_f_s_b.jpg,144_y_m_h_b.jpg,175_y_m_s_b.jpg,008_y_m_h_a.jpg,072_y_m_s_a.jpg,049_y_m_h_a.jpg,160_y_m_s_b.jpg,048_y_f_h_a.jpg,054_y_f_s_a.jpg,im1_6ms__im2_9mh__im3_7fh__im4_16fs__im5_8fh__im6_11fs__im7_12fh__im8_15fs__im9_5mh__im10_14ms__im11_1mh__im12_10ms__im13_2mh__im14_13ms__im15_3fh__im16_4fs__,0
8,2_happysad,144_y_m_h_b.jpg,173_y_f_s_b.jpg,160_y_m_s_b.jpg,101_y_f_h_b.jpg,062_y_m_h_b.jpg,119_y_m_s_b.jpg,049_y_m_h_a.jpg,072_y_m_s_a.jpg,177_y_f_s_b.jpg,048_y_f_h_a.jpg,054_y_f_s_a.jpg,090_y_f_h_a.jpg,069_y_f_h_b.jpg,008_y_m_h_a.jpg,106_y_f_s_a.jpg,175_y_m_s_b.jpg,im1_5mh__im2_15fs__im3_13ms__im4_12fh__im5_9mh__im6_6ms__im7_2mh__im8_10ms__im9_16fs__im10_3fh__im11_4fs__im12_8fh__im13_7fh__im14_1mh__im15_11fs__im16_14ms__,0
9,2_happysad,049_y_m_s_a.jpg,177_y_f_h_a.jpg,175_y_m_h_b.jpg,106_y_f_h_a.jpg,173_y_f_h_b.jpg,062_y_m_s_b.jpg,048_y_f_s_b.jpg,069_y_f_s_b.jpg,119_y_m_h_a.jpg,160_y_m_h_b.jpg,054_y_f_h_a.jpg,008_y_m_s_b.jpg,144_y_m_s_a.jpg,072_y_m_h_b.jpg,101_y_f_s_b.jpg,090_y_f_s_a.jpg,im1_2ms__im2_16fh__im3_14mh__im4_11fh__im5_15fh__im6_9ms__im7_3fs__im8_7fs__im9_6mh__im10_13mh__im11_4fh__im12_1ms__im13_5ms__im14_10mh__im15_12fs__im16_8fs__,0
10,2_happysad,008_y_m_s_b.jpg,054_y_f_h_a.jpg,069_y_f_s_b.jpg,119_y_m_h_a.jpg,090_y_f_s_a.jpg,106_y_f_h_a.jpg,072_y_m_h_b.jpg,049_y_m_s_a.jpg,177_y_f_h_a.jpg,144_y_m_s_a.jpg,101_y_f_s_b.jpg,175_y_m_h_b.jpg,048_y_f_s_b.jpg,173_y_f_h_b.jpg,062_y_m_s_b.jpg,160_y_m_h_b.jpg,im1_1ms__im2_4fh__im3_7fs__im4_6mh__im5_8fs__im6_11fh__im7_10mh__im8_2ms__im9_16fh__im10_5ms__im11_12fs__im12_14mh__im13_3fs__im14_15fh__im15_9ms__im16_13mh__,0
11,2_happysad,177_y_f_s_b.jpg,048_y_f_h_a.jpg,062_y_m_h_b.jpg,090_y_f_h_a.jpg,069_y_f_h_b.jpg,175_y_m_s_b.jpg,008_y_m_h_a.jpg,144_y_m_h_b.jpg,173_y_f_s_b.jpg,101_y_f_h_b.jpg,106_y_f_s_a.jpg,160_y_m_s_b.jpg,072_y_m_s_a.jpg,054_y_f_s_a.jpg,119_y_m_s_b.jpg,049_y_m_h_a.jpg,im1_16fs__im2_3fh__im3_9mh__im4_8fh__im5_7fh__im6_14ms__im7_1mh__im8_5mh__im9_15fs__im10_12fh__im11_11fs__im12_13ms__im13_10ms__im14_4fs__im15_6ms__im16_2mh__,0
12,2_happysad,054_y_f_h_a.jpg,048_y_f_s_b.jpg,160_y_m_h_b.jpg,008_y_m_s_b.jpg,072_y_m_h_b.jpg,119_y_m_h_a.jpg,090_y_f_s_a.jpg,144_y_m_s_a.jpg,106_y_f_h_a.jpg,049_y_m_s_a.jpg,177_y_f_h_a.jpg,101_y_f_s_b.jpg,173_y_f_h_b.jpg,175_y_m_h_b.jpg,069_y_f_s_b.jpg,062_y_m_s_b.jpg,im1_4fh__im2_3fs__im3_13mh__im4_1ms__im5_10mh__im6_6mh__im7_8fs__im8_5ms__im9_11fh__im10_2ms__im11_16fh__im12_12fs__im13_15fh__im14_14mh__im15_7fs__im16_9ms__,0
13,2_happysad,106_y_f_h_a.jpg,101_y_f_s_b.jpg,072_y_m_h_b.jpg,049_y_m_s_a.jpg,160_y_m_h_b.jpg,069_y_f_s_b.jpg,175_y_m_h_b.jpg,062_y_m_s_b.jpg,054_y_f_h_a.jpg,008_y_m_s_b.jpg,173_y_f_h_b.jpg,048_y_f_s_b.jpg,119_y_m_h_a.jpg,177_y_f_h_a.jpg,090_y_f_s_a.jpg,144_y_m_s_a.jpg,im1_11fh__im2_12fs__im3_10mh__im4_2ms__im5_13mh__im6_7fs__im7_14mh__im8_9ms__im9_4fh__im10_1ms__im11_15fh__im12_3fs__im13_6mh__im14_16fh__im15_8fs__im16_5ms__,0
14,2_happysad,048_y_f_h_a.jpg,177_y_f_s_b.jpg,072_y_m_s_a.jpg,062_y_m_h_b.jpg,144_y_m_h_b.jpg,069_y_f_h_b.jpg,173_y_f_s_b.jpg,101_y_f_h_b.jpg,090_y_f_h_a.jpg,008_y_m_h_a.jpg,175_y_m_s_b.jpg,106_y_f_s_a.jpg,160_y_m_s_b.jpg,049_y_m_h_a.jpg,054_y_f_s_a.jpg,119_y_m_s_b.jpg,im1_3fh__im2_16fs__im3_10ms__im4_9mh__im5_5mh__im6_7fh__im7_15fs__im8_12fh__im9_8fh__im10_1mh__im11_14ms__im12_11fs__im13_13ms__im14_2mh__im15_4fs__im16_6ms__,0
15,2_happysad,054_y_f_s_a.jpg,008_y_m_h_a.jpg,101_y_f_h_b.jpg,160_y_m_s_b.jpg,106_y_f_s_a.jpg,049_y_m_h_a.jpg,119_y_m_s_b.jpg,048_y_f_h_a.jpg,072_y_m_s_a.jpg,090_y_f_h_a.jpg,177_y_f_s_b.jpg,144_y_m_h_b.jpg,173_y_f_s_b.jpg,175_y_m_s_b.jpg,069_y_f_h_b.jpg,062_y_m_h_b.jpg,im1_4fs__im2_1mh__im3_12fh__im4_13ms__im5_11fs__im6_2mh__im7_6ms__im8_3fh__im9_10ms__im10_8fh__im11_16fs__im12_5mh__im13_15fs__im14_14ms__im15_7fh__im16_9mh__,0
16,2_happysad,106_y_f_s_a.jpg,175_y_m_s_b.jpg,049_y_m_h_a.jpg,072_y_m_s_a.jpg,048_y_f_h_a.jpg,160_y_m_s_b.jpg,069_y_f_h_b.jpg,119_y_m_s_b.jpg,054_y_f_s_a.jpg,173_y_f_s_b.jpg,062_y_m_h_b.jpg,008_y_m_h_a.jpg,090_y_f_h_a.jpg,177_y_f_s_b.jpg,144_y_m_h_b.jpg,101_y_f_h_b.jpg,im1_11fs__im2_14ms__im3_2mh__im4_10ms__im5_3fh__im6_13ms__im7_7fh__im8_6ms__im9_4fs__im10_15fs__im11_9mh__im12_1mh__im13_8fh__im14_16fs__im15_5mh__im16_12fh__,0
17,2_happysad,160_y_m_s_b.jpg,101_y_f_h_b.jpg,008_y_m_h_a.jpg,106_y_f_s_a.jpg,072_y_m_s_a.jpg,177_y_f_s_b.jpg,090_y_f_h_a.jpg,062_y_m_h_b.jpg,048_y_f_h_a.jpg,049_y_m_h_a.jpg,119_y_m_s_b.jpg,054_y_f_s_a.jpg,144_y_m_h_b.jpg,069_y_f_h_b.jpg,175_y_m_s_b.jpg,173_y_f_s_b.jpg,im1_13ms__im2_12fh__im3_1mh__im4_11fs__im5_10ms__im6_16fs__im7_8fh__im8_9mh__im9_3fh__im10_2mh__im11_6ms__im12_4fs__im13_5mh__im14_7fh__im15_14ms__im16_15fs__,0
18,2_happysad,062_y_m_s_b.jpg,090_y_f_s_a.jpg,048_y_f_s_b.jpg,072_y_m_h_b.jpg,119_y_m_h_a.jpg,008_y_m_s_b.jpg,069_y_f_s_b.jpg,106_y_f_h_a.jpg,144_y_m_s_a.jpg,173_y_f_h_b.jpg,175_y_m_h_b.jpg,160_y_m_h_b.jpg,054_y_f_h_a.jpg,101_y_f_s_b.jpg,049_y_m_s_a.jpg,177_y_f_h_a.jpg,im1_9ms__im2_8fs__im3_3fs__im4_10mh__im5_6mh__im6_1ms__im7_7fs__im8_11fh__im9_5ms__im10_15fh__im11_14mh__im12_13mh__im13_4fh__im14_12fs__im15_2ms__im16_16fh__,0
19,2_happysad,175_y_m_h_b.jpg,173_y_f_h_b.jpg,090_y_f_s_a.jpg,144_y_m_s_a.jpg,101_y_f_s_b.jpg,054_y_f_h_a.jpg,062_y_m_s_b.jpg,177_y_f_h_a.jpg,049_y_m_s_a.jpg,048_y_f_s_b.jpg,160_y_m_h_b.jpg,069_y_f_s_b.jpg,072_y_m_h_b.jpg,119_y_m_h_a.jpg,106_y_f_h_a.jpg,008_y_m_s_b.jpg,im1_14mh__im2_15fh__im3_8fs__im4_5ms__im5_12fs__im6_4fh__im7_9ms__im8_16fh__im9_2ms__im10_3fs__im11_13mh__im12_7fs__im13_10mh__im14_6mh__im15_11fh__im16_1ms__,0
20,2_happysad,072_y_m_s_a.jpg,049_y_m_h_a.jpg,106_y_f_s_a.jpg,048_y_f_h_a.jpg,101_y_f_h_b.jpg,173_y_f_s_b.jpg,062_y_m_h_b.jpg,054_y_f_s_a.jpg,008_y_m_h_a.jpg,160_y_m_s_b.jpg,069_y_f_h_b.jpg,175_y_m_s_b.jpg,119_y_m_s_b.jpg,144_y_m_h_b.jpg,177_y_f_s_b.jpg,090_y_f_h_a.jpg,im1_10ms__im2_2mh__im3_11fs__im4_3fh__im5_12fh__im6_15fs__im7_9mh__im8_4fs__im9_1mh__im10_13ms__im11_7fh__im12_14ms__im13_6ms__im14_5mh__im15_16fs__im16_8fh__,0
21,2_happysad,173_y_f_h_b.jpg,175_y_m_h_b.jpg,144_y_m_s_a.jpg,090_y_f_s_a.jpg,177_y_f_h_a.jpg,048_y_f_s_b.jpg,054_y_f_h_a.jpg,160_y_m_h_b.jpg,069_y_f_s_b.jpg,119_y_m_h_a.jpg,049_y_m_s_a.jpg,062_y_m_s_b.jpg,106_y_f_h_a.jpg,008_y_m_s_b.jpg,072_y_m_h_b.jpg,101_y_f_s_b.jpg,im1_15fh__im2_14mh__im3_5ms__im4_8fs__im5_16fh__im6_3fs__im7_4fh__im8_13mh__im9_7fs__im10_6mh__im11_2ms__im12_9ms__im13_11fh__im14_1ms__im15_10mh__im16_12fs__,0
22,2_happysad,090_y_f_s_a.jpg,049_y_m_s_a.jpg,106_y_f_h_a.jpg,175_y_m_h_b.jpg,048_y_f_s_b.jpg,173_y_f_h_b.jpg,160_y_m_h_b.jpg,054_y_f_h_a.jpg,008_y_m_s_b.jpg,069_y_f_s_b.jpg,062_y_m_s_b.jpg,119_y_m_h_a.jpg,101_y_f_s_b.jpg,144_y_m_s_a.jpg,177_y_f_h_a.jpg,072_y_m_h_b.jpg,im1_8fs__im2_2ms__im3_11fh__im4_14mh__im5_3fs__im6_15fh__im7_13mh__im8_4fh__im9_1ms__im10_7fs__im11_9ms__im12_6mh__im13_12fs__im14_5ms__im15_16fh__im16_10mh__,0
23,2_happysad,090_y_f_h_a.jpg,106_y_f_s_a.jpg,175_y_m_s_b.jpg,008_y_m_h_a.jpg,173_y_f_s_b.jpg,048_y_f_h_a.jpg,054_y_f_s_a.jpg,049_y_m_h_a.jpg,069_y_f_h_b.jpg,062_y_m_h_b.jpg,160_y_m_s_b.jpg,119_y_m_s_b.jpg,177_y_f_s_b.jpg,072_y_m_s_a.jpg,101_y_f_h_b.jpg,144_y_m_h_b.jpg,im1_8fh__im2_11fs__im3_14ms__im4_1mh__im5_15fs__im6_3fh__im7_4fs__im8_2mh__im9_7fh__im10_9mh__im11_13ms__im12_6ms__im13_16fs__im14_10ms__im15_12fh__im16_5mh__,0
24,2_happysad,175_y_m_s_b.jpg,160_y_m_s_b.jpg,054_y_f_s_a.jpg,049_y_m_h_a.jpg,119_y_m_s_b.jpg,090_y_f_h_a.jpg,177_y_f_s_b.jpg,008_y_m_h_a.jpg,106_y_f_s_a.jpg,144_y_m_h_b.jpg,072_y_m_s_a.jpg,048_y_f_h_a.jpg,101_y_f_h_b.jpg,062_y_m_h_b.jpg,173_y_f_s_b.jpg,069_y_f_h_b.jpg,im1_14ms__im2_13ms__im3_4fs__im4_2mh__im5_6ms__im6_8fh__im7_16fs__im8_1mh__im9_11fs__im10_5mh__im11_10ms__im12_3fh__im13_12fh__im14_9mh__im15_15fs__im16_7fh__,0
25,2_happysad,101_y_f_s_b.jpg,008_y_m_s_b.jpg,054_y_f_h_a.jpg,069_y_f_s_b.jpg,106_y_f_h_a.jpg,144_y_m_s_a.jpg,177_y_f_h_a.jpg,119_y_m_h_a.jpg,048_y_f_s_b.jpg,090_y_f_s_a.jpg,072_y_m_h_b.jpg,049_y_m_s_a.jpg,160_y_m_h_b.jpg,062_y_m_s_b.jpg,173_y_f_h_b.jpg,175_y_m_h_b.jpg,im1_12fs__im2_1ms__im3_4fh__im4_7fs__im5_11fh__im6_5ms__im7_16fh__im8_6mh__im9_3fs__im10_8fs__im11_10mh__im12_2ms__im13_13mh__im14_9ms__im15_15fh__im16_14mh__,0
26,2_happysad,177_y_f_h_a.jpg,144_y_m_s_a.jpg,119_y_m_h_a.jpg,160_y_m_h_b.jpg,062_y_m_s_b.jpg,101_y_f_s_b.jpg,008_y_m_s_b.jpg,072_y_m_h_b.jpg,090_y_f_s_a.jpg,175_y_m_h_b.jpg,106_y_f_h_a.jpg,173_y_f_h_b.jpg,069_y_f_s_b.jpg,049_y_m_s_a.jpg,054_y_f_h_a.jpg,048_y_f_s_b.jpg,im1_16fh__im2_5ms__im3_6mh__im4_13mh__im5_9ms__im6_12fs__im7_1ms__im8_10mh__im9_8fs__im10_14mh__im11_11fh__im12_15fh__im13_7fs__im14_2ms__im15_4fh__im16_3fs__,0
27,2_happysad,049_y_m_h_a.jpg,072_y_m_s_a.jpg,048_y_f_h_a.jpg,144_y_m_h_b.jpg,054_y_f_s_a.jpg,008_y_m_h_a.jpg,175_y_m_s_b.jpg,160_y_m_s_b.jpg,101_y_f_h_b.jpg,069_y_f_h_b.jpg,173_y_f_s_b.jpg,062_y_m_h_b.jpg,106_y_f_s_a.jpg,119_y_m_s_b.jpg,090_y_f_h_a.jpg,177_y_f_s_b.jpg,im1_2mh__im2_10ms__im3_3fh__im4_5mh__im5_4fs__im6_1mh__im7_14ms__im8_13ms__im9_12fh__im10_7fh__im11_15fs__im12_9mh__im13_11fs__im14_6ms__im15_8fh__im16_16fs__,0
28,2_happysad,173_y_f_s_b.jpg,090_y_f_h_a.jpg,144_y_m_h_b.jpg,175_y_m_s_b.jpg,160_y_m_s_b.jpg,054_y_f_s_a.jpg,048_y_f_h_a.jpg,177_y_f_s_b.jpg,062_y_m_h_b.jpg,119_y_m_s_b.jpg,049_y_m_h_a.jpg,069_y_f_h_b.jpg,008_y_m_h_a.jpg,101_y_f_h_b.jpg,072_y_m_s_a.jpg,106_y_f_s_a.jpg,im1_15fs__im2_8fh__im3_5mh__im4_14ms__im5_13ms__im6_4fs__im7_3fh__im8_16fs__im9_9mh__im10_6ms__im11_2mh__im12_7fh__im13_1mh__im14_12fh__im15_10ms__im16_11fs__,0
29,2_happysad,069_y_f_h_b.jpg,119_y_m_s_b.jpg,173_y_f_s_b.jpg,054_y_f_s_a.jpg,049_y_m_h_a.jpg,144_y_m_h_b.jpg,072_y_m_s_a.jpg,106_y_f_s_a.jpg,175_y_m_s_b.jpg,177_y_f_s_b.jpg,090_y_f_h_a.jpg,101_y_f_h_b.jpg,062_y_m_h_b.jpg,048_y_f_h_a.jpg,160_y_m_s_b.jpg,008_y_m_h_a.jpg,im1_7fh__im2_6ms__im3_15fs__im4_4fs__im5_2mh__im6_5mh__im7_10ms__im8_11fs__im9_14ms__im10_16fs__im11_8fh__im12_12fh__im13_9mh__im14_3fh__im15_13ms__im16_1mh__,0
30,2_happysad,101_y_f_h_b.jpg,144_y_m_h_b.jpg,090_y_f_h_a.jpg,173_y_f_s_b.jpg,177_y_f_s_b.jpg,062_y_m_h_b.jpg,160_y_m_s_b.jpg,069_y_f_h_b.jpg,119_y_m_s_b.jpg,054_y_f_s_a.jpg,048_y_f_h_a.jpg,049_y_m_h_a.jpg,175_y_m_s_b.jpg,106_y_f_s_a.jpg,008_y_m_h_a.jpg,072_y_m_s_a.jpg,im1_12fh__im2_5mh__im3_8fh__im4_15fs__im5_16fs__im6_9mh__im7_13ms__im8_7fh__im9_6ms__im10_4fs__im11_3fh__im12_2mh__im13_14ms__im14_11fs__im15_1mh__im16_10ms__,0
31,2_happysad,119_y_m_h_a.jpg,069_y_f_s_b.jpg,177_y_f_h_a.jpg,062_y_m_s_b.jpg,175_y_m_h_b.jpg,072_y_m_h_b.jpg,106_y_f_h_a.jpg,008_y_m_s_b.jpg,173_y_f_h_b.jpg,101_y_f_s_b.jpg,144_y_m_s_a.jpg,090_y_f_s_a.jpg,049_y_m_s_a.jpg,160_y_m_h_b.jpg,048_y_f_s_b.jpg,054_y_f_h_a.jpg,im1_6mh__im2_7fs__im3_16fh__im4_9ms__im5_14mh__im6_10mh__im7_11fh__im8_1ms__im9_15fh__im10_12fs__im11_5ms__im12_8fs__im13_2ms__im14_13mh__im15_3fs__im16_4fh__,0
32,2_happysad,008_y_m_h_a.jpg,054_y_f_s_a.jpg,119_y_m_s_b.jpg,069_y_f_h_b.jpg,175_y_m_s_b.jpg,101_y_f_h_b.jpg,106_y_f_s_a.jpg,090_y_f_h_a.jpg,049_y_m_h_a.jpg,072_y_m_s_a.jpg,144_y_m_h_b.jpg,177_y_f_s_b.jpg,048_y_f_h_a.jpg,173_y_f_s_b.jpg,062_y_m_h_b.jpg,160_y_m_s_b.jpg,im1_1mh__im2_4fs__im3_6ms__im4_7fh__im5_14ms__im6_12fh__im7_11fs__im8_8fh__im9_2mh__im10_10ms__im11_5mh__im12_16fs__im13_3fh__im14_15fs__im15_9mh__im16_13ms__,0
1,1_neutral,106_y_f_n_b.jpg,160_y_m_n_a.jpg,072_y_m_h_b.jpg,090_y_f_h_a.jpg,054_y_f_h_a.jpg,173_y_f_h_b.jpg,069_y_f_n_b.jpg,119_y_m_h_a.jpg,101_y_f_h_b.jpg,049_y_m_h_a.jpg,144_y_m_n_b.jpg,175_y_m_n_b.jpg,048_y_f_n_a.jpg,177_y_f_n_a.jpg,062_y_m_n_a.jpg,008_y_m_h_a.jpg,im1_11fn__im2_13mn__im3_10mh__im4_8fh__im5_4fh__im6_15fh__im7_7fn__im8_6mh__im9_12fh__im10_2mh__im11_5mn__im12_14mn__im13_3fn__im14_16fn__im15_9mn__im16_1mh__,1
2,1_neutral,072_y_m_n_b.jpg,106_y_f_h_a.jpg,062_y_m_h_b.jpg,054_y_f_n_b.jpg,173_y_f_n_b.jpg,177_y_f_h_a.jpg,144_y_m_h_b.jpg,069_y_f_h_b.jpg,175_y_m_h_b.jpg,049_y_m_n_a.jpg,090_y_f_n_a.jpg,119_y_m_n_b.jpg,008_y_m_n_b.jpg,101_y_f_n_b.jpg,048_y_f_h_a.jpg,160_y_m_h_b.jpg,im1_10mn__im2_11fh__im3_9mh__im4_4fn__im5_15fn__im6_16fh__im7_5mh__im8_7fh__im9_14mh__im10_2mn__im11_8fn__im12_6mn__im13_1mn__im14_12fn__im15_3fh__im16_13mh__,0
3,1_neutral,049_y_m_s_a.jpg,048_y_f_n_a.jpg,072_y_m_n_b.jpg,054_y_f_s_a.jpg,062_y_m_n_a.jpg,175_y_m_s_b.jpg,173_y_f_s_b.jpg,177_y_f_s_b.jpg,160_y_m_s_b.jpg,106_y_f_n_b.jpg,008_y_m_n_b.jpg,069_y_f_n_b.jpg,144_y_m_n_b.jpg,090_y_f_s_a.jpg,119_y_m_s_b.jpg,101_y_f_n_b.jpg,im1_2ms__im2_3fn__im3_10mn__im4_4fs__im5_9mn__im6_14ms__im7_15fs__im8_16fs__im9_13ms__im10_11fn__im11_1mn__im12_7fn__im13_5mn__im14_8fs__im15_6ms__im16_12fn__,0
4,1_neutral,106_y_f_n_b.jpg,090_y_f_s_a.jpg,119_y_m_s_b.jpg,008_y_m_n_b.jpg,101_y_f_n_b.jpg,049_y_m_s_a.jpg,054_y_f_s_a.jpg,160_y_m_s_b.jpg,173_y_f_s_b.jpg,069_y_f_n_b.jpg,144_y_m_n_b.jpg,062_y_m_n_a.jpg,048_y_f_n_a.jpg,175_y_m_s_b.jpg,177_y_f_s_b.jpg,072_y_m_n_b.jpg,im1_11fn__im2_8fs__im3_6ms__im4_1mn__im5_12fn__im6_2ms__im7_4fs__im8_13ms__im9_15fs__im10_7fn__im11_5mn__im12_9mn__im13_3fn__im14_14ms__im15_16fs__im16_10mn__,0
5,1_neutral,008_y_m_h_a.jpg,173_y_f_h_b.jpg,119_y_m_h_a.jpg,054_y_f_h_a.jpg,072_y_m_h_b.jpg,090_y_f_h_a.jpg,177_y_f_n_a.jpg,175_y_m_n_b.jpg,062_y_m_n_a.jpg,144_y_m_n_b.jpg,049_y_m_h_a.jpg,048_y_f_n_a.jpg,101_y_f_h_b.jpg,069_y_f_n_b.jpg,160_y_m_n_a.jpg,106_y_f_n_b.jpg,im1_1mh__im2_15fh__im3_6mh__im4_4fh__im5_10mh__im6_8fh__im7_16fn__im8_14mn__im9_9mn__im10_5mn__im11_2mh__im12_3fn__im13_12fh__im14_7fn__im15_13mn__im16_11fn__,0
6,1_neutral,177_y_f_n_a.jpg,049_y_m_h_a.jpg,069_y_f_n_b.jpg,101_y_f_h_b.jpg,106_y_f_n_b.jpg,054_y_f_h_a.jpg,175_y_m_n_b.jpg,160_y_m_n_a.jpg,090_y_f_h_a.jpg,048_y_f_n_a.jpg,072_y_m_h_b.jpg,144_y_m_n_b.jpg,173_y_f_h_b.jpg,119_y_m_h_a.jpg,008_y_m_h_a.jpg,062_y_m_n_a.jpg,im1_16fn__im2_2mh__im3_7fn__im4_12fh__im5_11fn__im6_4fh__im7_14mn__im8_13mn__im9_8fh__im10_3fn__im11_10mh__im12_5mn__im13_15fh__im14_6mh__im15_1mh__im16_9mn__,0
7,1_neutral,119_y_m_s_b.jpg,062_y_m_n_a.jpg,106_y_f_n_b.jpg,177_y_f_s_b.jpg,069_y_f_n_b.jpg,144_y_m_n_b.jpg,101_y_f_n_b.jpg,072_y_m_n_b.jpg,054_y_f_s_a.jpg,049_y_m_s_a.jpg,090_y_f_s_a.jpg,160_y_m_s_b.jpg,008_y_m_n_b.jpg,048_y_f_n_a.jpg,173_y_f_s_b.jpg,175_y_m_s_b.jpg,im1_6ms__im2_9mn__im3_11fn__im4_16fs__im5_7fn__im6_5mn__im7_12fn__im8_10mn__im9_4fs__im10_2ms__im11_8fs__im12_13ms__im13_1mn__im14_3fn__im15_15fs__im16_14ms__,0
8,1_neutral,090_y_f_n_a.jpg,008_y_m_s_b.jpg,106_y_f_s_a.jpg,119_y_m_n_b.jpg,144_y_m_s_a.jpg,069_y_f_s_b.jpg,062_y_m_s_b.jpg,049_y_m_n_a.jpg,101_y_f_s_b.jpg,054_y_f_n_b.jpg,160_y_m_n_a.jpg,173_y_f_n_b.jpg,175_y_m_n_b.jpg,072_y_m_s_a.jpg,177_y_f_n_a.jpg,048_y_f_s_b.jpg,im1_8fn__im2_1ms__im3_11fs__im4_6mn__im5_5ms__im6_7fs__im7_9ms__im8_2mn__im9_12fs__im10_4fn__im11_13mn__im12_15fn__im13_14mn__im14_10ms__im15_16fn__im16_3fs__,0
9,1_neutral,090_y_f_n_a.jpg,008_y_m_n_b.jpg,144_y_m_h_b.jpg,160_y_m_h_b.jpg,106_y_f_h_a.jpg,173_y_f_n_b.jpg,119_y_m_n_b.jpg,175_y_m_h_b.jpg,049_y_m_n_a.jpg,062_y_m_h_b.jpg,069_y_f_h_b.jpg,048_y_f_h_a.jpg,177_y_f_h_a.jpg,072_y_m_n_b.jpg,054_y_f_n_b.jpg,101_y_f_n_b.jpg,im1_8fn__im2_1mn__im3_5mh__im4_13mh__im5_11fh__im6_15fn__im7_6mn__im8_14mh__im9_2mn__im10_9mh__im11_7fh__im12_3fh__im13_16fh__im14_10mn__im15_4fn__im16_12fn__,0
10,1_neutral,008_y_m_s_b.jpg,160_y_m_n_a.jpg,101_y_f_s_b.jpg,173_y_f_n_b.jpg,175_y_m_n_b.jpg,048_y_f_s_b.jpg,177_y_f_n_a.jpg,090_y_f_n_a.jpg,144_y_m_s_a.jpg,072_y_m_s_a.jpg,119_y_m_n_b.jpg,106_y_f_s_a.jpg,054_y_f_n_b.jpg,049_y_m_n_a.jpg,062_y_m_s_b.jpg,069_y_f_s_b.jpg,im1_1ms__im2_13mn__im3_12fs__im4_15fn__im5_14mn__im6_3fs__im7_16fn__im8_8fn__im9_5ms__im10_10ms__im11_6mn__im12_11fs__im13_4fn__im14_2mn__im15_9ms__im16_7fs__,0
11,1_neutral,048_y_f_s_b.jpg,175_y_m_n_b.jpg,090_y_f_n_a.jpg,008_y_m_s_b.jpg,173_y_f_n_b.jpg,062_y_m_s_b.jpg,069_y_f_s_b.jpg,106_y_f_s_a.jpg,049_y_m_n_a.jpg,160_y_m_n_a.jpg,054_y_f_n_b.jpg,144_y_m_s_a.jpg,072_y_m_s_a.jpg,119_y_m_n_b.jpg,101_y_f_s_b.jpg,177_y_f_n_a.jpg,im1_3fs__im2_14mn__im3_8fn__im4_1ms__im5_15fn__im6_9ms__im7_7fs__im8_11fs__im9_2mn__im10_13mn__im11_4fn__im12_5ms__im13_10ms__im14_6mn__im15_12fs__im16_16fn__,0
12,1_neutral,069_y_f_n_b.jpg,177_y_f_s_b.jpg,062_y_m_n_a.jpg,175_y_m_s_b.jpg,072_y_m_n_b.jpg,101_y_f_n_b.jpg,144_y_m_n_b.jpg,054_y_f_s_a.jpg,119_y_m_s_b.jpg,090_y_f_s_a.jpg,049_y_m_s_a.jpg,048_y_f_n_a.jpg,160_y_m_s_b.jpg,173_y_f_s_b.jpg,106_y_f_n_b.jpg,008_y_m_n_b.jpg,im1_7fn__im2_16fs__im3_9mn__im4_14ms__im5_10mn__im6_12fn__im7_5mn__im8_4fs__im9_6ms__im10_8fs__im11_2ms__im12_3fn__im13_13ms__im14_15fs__im15_11fn__im16_1mn__,0
13,1_neutral,049_y_m_h_a.jpg,090_y_f_h_a.jpg,160_y_m_n_a.jpg,048_y_f_n_a.jpg,008_y_m_h_a.jpg,062_y_m_n_a.jpg,119_y_m_h_a.jpg,101_y_f_h_b.jpg,144_y_m_n_b.jpg,069_y_f_n_b.jpg,173_y_f_h_b.jpg,106_y_f_n_b.jpg,177_y_f_n_a.jpg,175_y_m_n_b.jpg,054_y_f_h_a.jpg,072_y_m_h_b.jpg,im1_2mh__im2_8fh__im3_13mn__im4_3fn__im5_1mh__im6_9mn__im7_6mh__im8_12fh__im9_5mn__im10_7fn__im11_15fh__im12_11fn__im13_16fn__im14_14mn__im15_4fh__im16_10mh__,0
14,1_neutral,160_y_m_s_b.jpg,106_y_f_n_b.jpg,101_y_f_n_b.jpg,144_y_m_n_b.jpg,175_y_m_s_b.jpg,072_y_m_n_b.jpg,048_y_f_n_a.jpg,173_y_f_s_b.jpg,008_y_m_n_b.jpg,119_y_m_s_b.jpg,177_y_f_s_b.jpg,090_y_f_s_a.jpg,062_y_m_n_a.jpg,049_y_m_s_a.jpg,054_y_f_s_a.jpg,069_y_f_n_b.jpg,im1_13ms__im2_11fn__im3_12fn__im4_5mn__im5_14ms__im6_10mn__im7_3fn__im8_15fs__im9_1mn__im10_6ms__im11_16fs__im12_8fs__im13_9mn__im14_2ms__im15_4fs__im16_7fn__,0
15,1_neutral,173_y_f_s_b.jpg,175_y_m_s_b.jpg,144_y_m_n_b.jpg,069_y_f_n_b.jpg,090_y_f_s_a.jpg,048_y_f_n_a.jpg,072_y_m_n_b.jpg,008_y_m_n_b.jpg,101_y_f_n_b.jpg,177_y_f_s_b.jpg,119_y_m_s_b.jpg,049_y_m_s_a.jpg,106_y_f_n_b.jpg,054_y_f_s_a.jpg,160_y_m_s_b.jpg,062_y_m_n_a.jpg,im1_15fs__im2_14ms__im3_5mn__im4_7fn__im5_8fs__im6_3fn__im7_10mn__im8_1mn__im9_12fn__im10_16fs__im11_6ms__im12_2ms__im13_11fn__im14_4fs__im15_13ms__im16_9mn__,0
16,1_neutral,048_y_f_n_a.jpg,062_y_m_n_a.jpg,049_y_m_h_a.jpg,175_y_m_n_b.jpg,119_y_m_h_a.jpg,106_y_f_n_b.jpg,160_y_m_n_a.jpg,054_y_f_h_a.jpg,173_y_f_h_b.jpg,101_y_f_h_b.jpg,008_y_m_h_a.jpg,069_y_f_n_b.jpg,072_y_m_h_b.jpg,144_y_m_n_b.jpg,090_y_f_h_a.jpg,177_y_f_n_a.jpg,im1_3fn__im2_9mn__im3_2mh__im4_14mn__im5_6mh__im6_11fn__im7_13mn__im8_4fh__im9_15fh__im10_12fh__im11_1mh__im12_7fn__im13_10mh__im14_5mn__im15_8fh__im16_16fn__,0
17,1_neutral,054_y_f_h_a.jpg,177_y_f_n_a.jpg,062_y_m_n_a.jpg,106_y_f_n_b.jpg,175_y_m_n_b.jpg,144_y_m_n_b.jpg,049_y_m_h_a.jpg,090_y_f_h_a.jpg,160_y_m_n_a.jpg,173_y_f_h_b.jpg,069_y_f_n_b.jpg,072_y_m_h_b.jpg,008_y_m_h_a.jpg,101_y_f_h_b.jpg,048_y_f_n_a.jpg,119_y_m_h_a.jpg,im1_4fh__im2_16fn__im3_9mn__im4_11fn__im5_14mn__im6_5mn__im7_2mh__im8_8fh__im9_13mn__im10_15fh__im11_7fn__im12_10mh__im13_1mh__im14_12fh__im15_3fn__im16_6mh__,0
18,1_neutral,048_y_f_h_a.jpg,175_y_m_h_b.jpg,173_y_f_n_b.jpg,144_y_m_h_b.jpg,119_y_m_n_b.jpg,106_y_f_h_a.jpg,008_y_m_n_b.jpg,062_y_m_h_b.jpg,069_y_f_h_b.jpg,160_y_m_h_b.jpg,101_y_f_n_b.jpg,054_y_f_n_b.jpg,072_y_m_n_b.jpg,177_y_f_h_a.jpg,090_y_f_n_a.jpg,049_y_m_n_a.jpg,im1_3fh__im2_14mh__im3_15fn__im4_5mh__im5_6mn__im6_11fh__im7_1mn__im8_9mh__im9_7fh__im10_13mh__im11_12fn__im12_4fn__im13_10mn__im14_16fh__im15_8fn__im16_2mn__,0
19,1_neutral,177_y_f_n_a.jpg,069_y_f_s_b.jpg,175_y_m_n_b.jpg,062_y_m_s_b.jpg,119_y_m_n_b.jpg,090_y_f_n_a.jpg,144_y_m_s_a.jpg,072_y_m_s_a.jpg,054_y_f_n_b.jpg,049_y_m_n_a.jpg,101_y_f_s_b.jpg,048_y_f_s_b.jpg,106_y_f_s_a.jpg,008_y_m_s_b.jpg,173_y_f_n_b.jpg,160_y_m_n_a.jpg,im1_16fn__im2_7fs__im3_14mn__im4_9ms__im5_6mn__im6_8fn__im7_5ms__im8_10ms__im9_4fn__im10_2mn__im11_12fs__im12_3fs__im13_11fs__im14_1ms__im15_15fn__im16_13mn__,0
20,1_neutral,177_y_f_h_a.jpg,173_y_f_n_b.jpg,175_y_m_h_b.jpg,119_y_m_n_b.jpg,048_y_f_h_a.jpg,160_y_m_h_b.jpg,106_y_f_h_a.jpg,054_y_f_n_b.jpg,072_y_m_n_b.jpg,101_y_f_n_b.jpg,008_y_m_n_b.jpg,062_y_m_h_b.jpg,090_y_f_n_a.jpg,049_y_m_n_a.jpg,144_y_m_h_b.jpg,069_y_f_h_b.jpg,im1_16fh__im2_15fn__im3_14mh__im4_6mn__im5_3fh__im6_13mh__im7_11fh__im8_4fn__im9_10mn__im10_12fn__im11_1mn__im12_9mh__im13_8fn__im14_2mn__im15_5mh__im16_7fh__,0
21,1_neutral,160_y_m_n_a.jpg,106_y_f_n_b.jpg,090_y_f_h_a.jpg,072_y_m_h_b.jpg,101_y_f_h_b.jpg,069_y_f_n_b.jpg,173_y_f_h_b.jpg,144_y_m_n_b.jpg,177_y_f_n_a.jpg,062_y_m_n_a.jpg,119_y_m_h_a.jpg,008_y_m_h_a.jpg,054_y_f_h_a.jpg,048_y_f_n_a.jpg,049_y_m_h_a.jpg,175_y_m_n_b.jpg,im1_13mn__im2_11fn__im3_8fh__im4_10mh__im5_12fh__im6_7fn__im7_15fh__im8_5mn__im9_16fn__im10_9mn__im11_6mh__im12_1mh__im13_4fh__im14_3fn__im15_2mh__im16_14mn__,0
22,1_neutral,173_y_f_n_b.jpg,049_y_m_n_a.jpg,069_y_f_s_b.jpg,144_y_m_s_a.jpg,048_y_f_s_b.jpg,101_y_f_s_b.jpg,090_y_f_n_a.jpg,177_y_f_n_a.jpg,175_y_m_n_b.jpg,119_y_m_n_b.jpg,072_y_m_s_a.jpg,008_y_m_s_b.jpg,160_y_m_n_a.jpg,062_y_m_s_b.jpg,054_y_f_n_b.jpg,106_y_f_s_a.jpg,im1_15fn__im2_2mn__im3_7fs__im4_5ms__im5_3fs__im6_12fs__im7_8fn__im8_16fn__im9_14mn__im10_6mn__im11_10ms__im12_1ms__im13_13mn__im14_9ms__im15_4fn__im16_11fs__,0
23,1_neutral,119_y_m_n_b.jpg,144_y_m_h_b.jpg,101_y_f_n_b.jpg,177_y_f_h_a.jpg,008_y_m_n_b.jpg,054_y_f_n_b.jpg,048_y_f_h_a.jpg,106_y_f_h_a.jpg,090_y_f_n_a.jpg,072_y_m_n_b.jpg,175_y_m_h_b.jpg,160_y_m_h_b.jpg,069_y_f_h_b.jpg,173_y_f_n_b.jpg,049_y_m_n_a.jpg,062_y_m_h_b.jpg,im1_6mn__im2_5mh__im3_12fn__im4_16fh__im5_1mn__im6_4fn__im7_3fh__im8_11fh__im9_8fn__im10_10mn__im11_14mh__im12_13mh__im13_7fh__im14_15fn__im15_2mn__im16_9mh__,0
24,1_neutral,106_y_f_h_a.jpg,090_y_f_n_a.jpg,160_y_m_h_b.jpg,072_y_m_n_b.jpg,062_y_m_h_b.jpg,144_y_m_h_b.jpg,173_y_f_n_b.jpg,177_y_f_h_a.jpg,119_y_m_n_b.jpg,069_y_f_h_b.jpg,049_y_m_n_a.jpg,101_y_f_n_b.jpg,048_y_f_h_a.jpg,175_y_m_h_b.jpg,008_y_m_n_b.jpg,054_y_f_n_b.jpg,im1_11fh__im2_8fn__im3_13mh__im4_10mn__im5_9mh__im6_5mh__im7_15fn__im8_16fh__im9_6mn__im10_7fh__im11_2mn__im12_12fn__im13_3fh__im14_14mh__im15_1mn__im16_4fn__,0
25,1_neutral,175_y_m_s_b.jpg,144_y_m_n_b.jpg,069_y_f_n_b.jpg,173_y_f_s_b.jpg,008_y_m_n_b.jpg,090_y_f_s_a.jpg,119_y_m_s_b.jpg,048_y_f_n_a.jpg,049_y_m_s_a.jpg,072_y_m_n_b.jpg,101_y_f_n_b.jpg,177_y_f_s_b.jpg,054_y_f_s_a.jpg,106_y_f_n_b.jpg,062_y_m_n_a.jpg,160_y_m_s_b.jpg,im1_14ms__im2_5mn__im3_7fn__im4_15fs__im5_1mn__im6_8fs__im7_6ms__im8_3fn__im9_2ms__im10_10mn__im11_12fn__im12_16fs__im13_4fs__im14_11fn__im15_9mn__im16_13ms__,0
26,1_neutral,175_y_m_h_b.jpg,049_y_m_n_a.jpg,048_y_f_h_a.jpg,173_y_f_n_b.jpg,144_y_m_h_b.jpg,101_y_f_n_b.jpg,062_y_m_h_b.jpg,008_y_m_n_b.jpg,054_y_f_n_b.jpg,119_y_m_n_b.jpg,106_y_f_h_a.jpg,069_y_f_h_b.jpg,160_y_m_h_b.jpg,090_y_f_n_a.jpg,177_y_f_h_a.jpg,072_y_m_n_b.jpg,im1_14mh__im2_2mn__im3_3fh__im4_15fn__im5_5mh__im6_12fn__im7_9mh__im8_1mn__im9_4fn__im10_6mn__im11_11fh__im12_7fh__im13_13mh__im14_8fn__im15_16fh__im16_10mn__,0
27,1_neutral,106_y_f_s_a.jpg,119_y_m_n_b.jpg,008_y_m_s_b.jpg,090_y_f_n_a.jpg,160_y_m_n_a.jpg,054_y_f_n_b.jpg,049_y_m_n_a.jpg,062_y_m_s_b.jpg,173_y_f_n_b.jpg,069_y_f_s_b.jpg,144_y_m_s_a.jpg,101_y_f_s_b.jpg,177_y_f_n_a.jpg,175_y_m_n_b.jpg,048_y_f_s_b.jpg,072_y_m_s_a.jpg,im1_11fs__im2_6mn__im3_1ms__im4_8fn__im5_13mn__im6_4fn__im7_2mn__im8_9ms__im9_15fn__im10_7fs__im11_5ms__im12_12fs__im13_16fn__im14_14mn__im15_3fs__im16_10ms__,0
28,1_neutral,072_y_m_h_b.jpg,054_y_f_h_a.jpg,106_y_f_n_b.jpg,062_y_m_n_a.jpg,173_y_f_h_b.jpg,049_y_m_h_a.jpg,144_y_m_n_b.jpg,069_y_f_n_b.jpg,175_y_m_n_b.jpg,177_y_f_n_a.jpg,090_y_f_h_a.jpg,119_y_m_h_a.jpg,160_y_m_n_a.jpg,008_y_m_h_a.jpg,101_y_f_h_b.jpg,048_y_f_n_a.jpg,im1_10mh__im2_4fh__im3_11fn__im4_9mn__im5_15fh__im6_2mh__im7_5mn__im8_7fn__im9_14mn__im10_16fn__im11_8fh__im12_6mh__im13_13mn__im14_1mh__im15_12fh__im16_3fn__,0
29,1_neutral,072_y_m_n_b.jpg,101_y_f_n_b.jpg,054_y_f_s_a.jpg,160_y_m_s_b.jpg,048_y_f_n_a.jpg,173_y_f_s_b.jpg,175_y_m_s_b.jpg,062_y_m_n_a.jpg,177_y_f_s_b.jpg,008_y_m_n_b.jpg,106_y_f_n_b.jpg,119_y_m_s_b.jpg,049_y_m_s_a.jpg,069_y_f_n_b.jpg,090_y_f_s_a.jpg,144_y_m_n_b.jpg,im1_10mn__im2_12fn__im3_4fs__im4_13ms__im5_3fn__im6_15fs__im7_14ms__im8_9mn__im9_16fs__im10_1mn__im11_11fn__im12_6ms__im13_2ms__im14_7fn__im15_8fs__im16_5mn__,0
30,1_neutral,062_y_m_n_a.jpg,160_y_m_s_b.jpg,177_y_f_s_b.jpg,106_y_f_n_b.jpg,119_y_m_s_b.jpg,054_y_f_s_a.jpg,049_y_m_s_a.jpg,101_y_f_n_b.jpg,090_y_f_s_a.jpg,144_y_m_n_b.jpg,069_y_f_n_b.jpg,072_y_m_n_b.jpg,175_y_m_s_b.jpg,008_y_m_n_b.jpg,048_y_f_n_a.jpg,173_y_f_s_b.jpg,im1_9mn__im2_13ms__im3_16fs__im4_11fn__im5_6ms__im6_4fs__im7_2ms__im8_12fn__im9_8fs__im10_5mn__im11_7fn__im12_10mn__im13_14ms__im14_1mn__im15_3fn__im16_15fs__,0
31,1_neutral,175_y_m_n_b.jpg,008_y_m_h_a.jpg,173_y_f_h_b.jpg,049_y_m_h_a.jpg,177_y_f_n_a.jpg,101_y_f_h_b.jpg,106_y_f_n_b.jpg,048_y_f_n_a.jpg,069_y_f_n_b.jpg,119_y_m_h_a.jpg,062_y_m_n_a.jpg,160_y_m_n_a.jpg,144_y_m_n_b.jpg,054_y_f_h_a.jpg,072_y_m_h_b.jpg,090_y_f_h_a.jpg,im1_14mn__im2_1mh__im3_15fh__im4_2mh__im5_16fn__im6_12fh__im7_11fn__im8_3fn__im9_7fn__im10_6mh__im11_9mn__im12_13mn__im13_5mn__im14_4fh__im15_10mh__im16_8fh__,0
32,1_neutral,160_y_m_n_a.jpg,106_y_f_s_a.jpg,062_y_m_s_b.jpg,177_y_f_n_a.jpg,069_y_f_s_b.jpg,144_y_m_s_a.jpg,101_y_f_s_b.jpg,054_y_f_n_b.jpg,119_y_m_n_b.jpg,090_y_f_n_a.jpg,049_y_m_n_a.jpg,072_y_m_s_a.jpg,173_y_f_n_b.jpg,048_y_f_s_b.jpg,008_y_m_s_b.jpg,175_y_m_n_b.jpg,im1_13mn__im2_11fs__im3_9ms__im4_16fn__im5_7fs__im6_5ms__im7_12fs__im8_4fn__im9_6mn__im10_8fn__im11_2mn__im12_10ms__im13_15fn__im14_3fs__im15_1ms__im16_14mn__,0
1,2_neutral,049_y_m_n_a.jpg,160_y_m_h_b.jpg,090_y_f_n_a.jpg,048_y_f_h_a.jpg,069_y_f_h_b.jpg,062_y_m_h_b.jpg,101_y_f_n_b.jpg,173_y_f_n_b.jpg,144_y_m_h_b.jpg,106_y_f_h_a.jpg,119_y_m_n_b.jpg,008_y_m_n_b.jpg,175_y_m_h_b.jpg,054_y_f_n_b.jpg,072_y_m_n_b.jpg,177_y_f_h_a.jpg,im1_2mn__im2_13mh__im3_8fn__im4_3fh__im5_7fh__im6_9mh__im7_12fn__im8_15fn__im9_5mh__im10_11fh__im11_6mn__im12_1mn__im13_14mh__im14_4fn__im15_10mn__im16_16fh__,1
2,2_neutral,049_y_m_n_a.jpg,048_y_f_s_b.jpg,072_y_m_s_a.jpg,054_y_f_n_b.jpg,008_y_m_s_b.jpg,173_y_f_n_b.jpg,160_y_m_n_a.jpg,175_y_m_n_b.jpg,177_y_f_n_a.jpg,062_y_m_s_b.jpg,106_y_f_s_a.jpg,069_y_f_s_b.jpg,101_y_f_s_b.jpg,144_y_m_s_a.jpg,119_y_m_n_b.jpg,090_y_f_n_a.jpg,im1_2mn__im2_3fs__im3_10ms__im4_4fn__im5_1ms__im6_15fn__im7_13mn__im8_14mn__im9_16fn__im10_9ms__im11_11fs__im12_7fs__im13_12fs__im14_5ms__im15_6mn__im16_8fn__,0
3,2_neutral,144_y_m_n_b.jpg,119_y_m_h_a.jpg,101_y_f_h_b.jpg,177_y_f_n_a.jpg,090_y_f_h_a.jpg,160_y_m_n_a.jpg,008_y_m_h_a.jpg,106_y_f_n_b.jpg,072_y_m_h_b.jpg,054_y_f_h_a.jpg,048_y_f_n_a.jpg,062_y_m_n_a.jpg,069_y_f_n_b.jpg,173_y_f_h_b.jpg,175_y_m_n_b.jpg,049_y_m_h_a.jpg,im1_5mn__im2_6mh__im3_12fh__im4_16fn__im5_8fh__im6_13mn__im7_1mh__im8_11fn__im9_10mh__im10_4fh__im11_3fn__im12_9mn__im13_7fn__im14_15fh__im15_14mn__im16_2mh__,0
4,2_neutral,144_y_m_s_a.jpg,090_y_f_n_a.jpg,049_y_m_n_a.jpg,048_y_f_s_b.jpg,054_y_f_n_b.jpg,160_y_m_n_a.jpg,106_y_f_s_a.jpg,069_y_f_s_b.jpg,008_y_m_s_b.jpg,173_y_f_n_b.jpg,062_y_m_s_b.jpg,175_y_m_n_b.jpg,119_y_m_n_b.jpg,177_y_f_n_a.jpg,072_y_m_s_a.jpg,101_y_f_s_b.jpg,im1_5ms__im2_8fn__im3_2mn__im4_3fs__im5_4fn__im6_13mn__im7_11fs__im8_7fs__im9_1ms__im10_15fn__im11_9ms__im12_14mn__im13_6mn__im14_16fn__im15_10ms__im16_12fs__,0
5,2_neutral,175_y_m_n_b.jpg,062_y_m_s_b.jpg,177_y_f_n_a.jpg,069_y_f_s_b.jpg,049_y_m_n_a.jpg,072_y_m_s_a.jpg,119_y_m_n_b.jpg,144_y_m_s_a.jpg,048_y_f_s_b.jpg,101_y_f_s_b.jpg,090_y_f_n_a.jpg,054_y_f_n_b.jpg,008_y_m_s_b.jpg,160_y_m_n_a.jpg,106_y_f_s_a.jpg,173_y_f_n_b.jpg,im1_14mn__im2_9ms__im3_16fn__im4_7fs__im5_2mn__im6_10ms__im7_6mn__im8_5ms__im9_3fs__im10_12fs__im11_8fn__im12_4fn__im13_1ms__im14_13mn__im15_11fs__im16_15fn__,0
6,2_neutral,062_y_m_n_a.jpg,048_y_f_n_a.jpg,054_y_f_h_a.jpg,069_y_f_n_b.jpg,144_y_m_n_b.jpg,175_y_m_n_b.jpg,090_y_f_h_a.jpg,008_y_m_h_a.jpg,049_y_m_h_a.jpg,072_y_m_h_b.jpg,177_y_f_n_a.jpg,173_y_f_h_b.jpg,106_y_f_n_b.jpg,160_y_m_n_a.jpg,119_y_m_h_a.jpg,101_y_f_h_b.jpg,im1_9mn__im2_3fn__im3_4fh__im4_7fn__im5_5mn__im6_14mn__im7_8fh__im8_1mh__im9_2mh__im10_10mh__im11_16fn__im12_15fh__im13_11fn__im14_13mn__im15_6mh__im16_12fh__,0
7,2_neutral,072_y_m_s_a.jpg,054_y_f_n_b.jpg,160_y_m_n_a.jpg,101_y_f_s_b.jpg,106_y_f_s_a.jpg,008_y_m_s_b.jpg,175_y_m_n_b.jpg,173_y_f_n_b.jpg,062_y_m_s_b.jpg,048_y_f_s_b.jpg,177_y_f_n_a.jpg,119_y_m_n_b.jpg,090_y_f_n_a.jpg,069_y_f_s_b.jpg,144_y_m_s_a.jpg,049_y_m_n_a.jpg,im1_10ms__im2_4fn__im3_13mn__im4_12fs__im5_11fs__im6_1ms__im7_14mn__im8_15fn__im9_9ms__im10_3fs__im11_16fn__im12_6mn__im13_8fn__im14_7fs__im15_5ms__im16_2mn__,0
8,2_neutral,173_y_f_h_b.jpg,072_y_m_h_b.jpg,175_y_m_n_b.jpg,119_y_m_h_a.jpg,048_y_f_n_a.jpg,008_y_m_h_a.jpg,101_y_f_h_b.jpg,062_y_m_n_a.jpg,054_y_f_h_a.jpg,160_y_m_n_a.jpg,106_y_f_n_b.jpg,177_y_f_n_a.jpg,090_y_f_h_a.jpg,049_y_m_h_a.jpg,069_y_f_n_b.jpg,144_y_m_n_b.jpg,im1_15fh__im2_10mh__im3_14mn__im4_6mh__im5_3fn__im6_1mh__im7_12fh__im8_9mn__im9_4fh__im10_13mn__im11_11fn__im12_16fn__im13_8fh__im14_2mh__im15_7fn__im16_5mn__,0
9,2_neutral,062_y_m_s_b.jpg,177_y_f_n_a.jpg,119_y_m_n_b.jpg,106_y_f_s_a.jpg,090_y_f_n_a.jpg,049_y_m_n_a.jpg,054_y_f_n_b.jpg,101_y_f_s_b.jpg,072_y_m_s_a.jpg,144_y_m_s_a.jpg,069_y_f_s_b.jpg,160_y_m_n_a.jpg,048_y_f_s_b.jpg,173_y_f_n_b.jpg,175_y_m_n_b.jpg,008_y_m_s_b.jpg,im1_9ms__im2_16fn__im3_6mn__im4_11fs__im5_8fn__im6_2mn__im7_4fn__im8_12fs__im9_10ms__im10_5ms__im11_7fs__im12_13mn__im13_3fs__im14_15fn__im15_14mn__im16_1ms__,0
10,2_neutral,069_y_f_h_b.jpg,119_y_m_n_b.jpg,177_y_f_h_a.jpg,175_y_m_h_b.jpg,101_y_f_n_b.jpg,008_y_m_n_b.jpg,054_y_f_n_b.jpg,072_y_m_n_b.jpg,062_y_m_h_b.jpg,048_y_f_h_a.jpg,160_y_m_h_b.jpg,106_y_f_h_a.jpg,049_y_m_n_a.jpg,144_y_m_h_b.jpg,173_y_f_n_b.jpg,090_y_f_n_a.jpg,im1_7fh__im2_6mn__im3_16fh__im4_14mh__im5_12fn__im6_1mn__im7_4fn__im8_10mn__im9_9mh__im10_3fh__im11_13mh__im12_11fh__im13_2mn__im14_5mh__im15_15fn__im16_8fn__,0
11,2_neutral,177_y_f_s_b.jpg,069_y_f_n_b.jpg,175_y_m_s_b.jpg,062_y_m_n_a.jpg,144_y_m_n_b.jpg,119_y_m_s_b.jpg,090_y_f_s_a.jpg,049_y_m_s_a.jpg,048_y_f_n_a.jpg,101_y_f_n_b.jpg,072_y_m_n_b.jpg,054_y_f_s_a.jpg,173_y_f_s_b.jpg,160_y_m_s_b.jpg,008_y_m_n_b.jpg,106_y_f_n_b.jpg,im1_16fs__im2_7fn__im3_14ms__im4_9mn__im5_5mn__im6_6ms__im7_8fs__im8_2ms__im9_3fn__im10_12fn__im11_10mn__im12_4fs__im13_15fs__im14_13ms__im15_1mn__im16_11fn__,0
12,2_neutral,101_y_f_n_b.jpg,054_y_f_s_a.jpg,160_y_m_s_b.jpg,072_y_m_n_b.jpg,106_y_f_n_b.jpg,008_y_m_n_b.jpg,177_y_f_s_b.jpg,119_y_m_s_b.jpg,062_y_m_n_a.jpg,048_y_f_n_a.jpg,175_y_m_s_b.jpg,173_y_f_s_b.jpg,090_y_f_s_a.jpg,144_y_m_n_b.jpg,069_y_f_n_b.jpg,049_y_m_s_a.jpg,im1_12fn__im2_4fs__im3_13ms__im4_10mn__im5_11fn__im6_1mn__im7_16fs__im8_6ms__im9_9mn__im10_3fn__im11_14ms__im12_15fs__im13_8fs__im14_5mn__im15_7fn__im16_2ms__,0
13,2_neutral,090_y_f_h_a.jpg,144_y_m_n_b.jpg,048_y_f_n_a.jpg,160_y_m_n_a.jpg,069_y_f_n_b.jpg,119_y_m_h_a.jpg,062_y_m_n_a.jpg,177_y_f_n_a.jpg,008_y_m_h_a.jpg,106_y_f_n_b.jpg,101_y_f_h_b.jpg,049_y_m_h_a.jpg,175_y_m_n_b.jpg,072_y_m_h_b.jpg,173_y_f_h_b.jpg,054_y_f_h_a.jpg,im1_8fh__im2_5mn__im3_3fn__im4_13mn__im5_7fn__im6_6mh__im7_9mn__im8_16fn__im9_1mh__im10_11fn__im11_12fh__im12_2mh__im13_14mn__im14_10mh__im15_15fh__im16_4fh__,0
14,2_neutral,054_y_f_n_b.jpg,072_y_m_s_a.jpg,048_y_f_s_b.jpg,049_y_m_n_a.jpg,062_y_m_s_b.jpg,106_y_f_s_a.jpg,173_y_f_n_b.jpg,160_y_m_n_a.jpg,069_y_f_s_b.jpg,175_y_m_n_b.jpg,008_y_m_s_b.jpg,177_y_f_n_a.jpg,144_y_m_s_a.jpg,101_y_f_s_b.jpg,090_y_f_n_a.jpg,119_y_m_n_b.jpg,im1_4fn__im2_10ms__im3_3fs__im4_2mn__im5_9ms__im6_11fs__im7_15fn__im8_13mn__im9_7fs__im10_14mn__im11_1ms__im12_16fn__im13_5ms__im14_12fs__im15_8fn__im16_6mn__,0
15,2_neutral,069_y_f_s_b.jpg,173_y_f_n_b.jpg,144_y_m_s_a.jpg,175_y_m_n_b.jpg,101_y_f_s_b.jpg,119_y_m_n_b.jpg,072_y_m_s_a.jpg,008_y_m_s_b.jpg,090_y_f_n_a.jpg,177_y_f_n_a.jpg,048_y_f_s_b.jpg,049_y_m_n_a.jpg,062_y_m_s_b.jpg,106_y_f_s_a.jpg,160_y_m_n_a.jpg,054_y_f_n_b.jpg,im1_7fs__im2_15fn__im3_5ms__im4_14mn__im5_12fs__im6_6mn__im7_10ms__im8_1ms__im9_8fn__im10_16fn__im11_3fs__im12_2mn__im13_9ms__im14_11fs__im15_13mn__im16_4fn__,0
16,2_neutral,008_y_m_n_b.jpg,062_y_m_h_b.jpg,054_y_f_n_b.jpg,069_y_f_h_b.jpg,160_y_m_h_b.jpg,175_y_m_h_b.jpg,072_y_m_n_b.jpg,048_y_f_h_a.jpg,173_y_f_n_b.jpg,090_y_f_n_a.jpg,177_y_f_h_a.jpg,049_y_m_n_a.jpg,144_y_m_h_b.jpg,106_y_f_h_a.jpg,101_y_f_n_b.jpg,119_y_m_n_b.jpg,im1_1mn__im2_9mh__im3_4fn__im4_7fh__im5_13mh__im6_14mh__im7_10mn__im8_3fh__im9_15fn__im10_8fn__im11_16fh__im12_2mn__im13_5mh__im14_11fh__im15_12fn__im16_6mn__,0
17,2_neutral,048_y_f_n_a.jpg,008_y_m_n_b.jpg,049_y_m_s_a.jpg,090_y_f_s_a.jpg,054_y_f_s_a.jpg,062_y_m_n_a.jpg,106_y_f_n_b.jpg,069_y_f_n_b.jpg,175_y_m_s_b.jpg,160_y_m_s_b.jpg,173_y_f_s_b.jpg,144_y_m_n_b.jpg,119_y_m_s_b.jpg,072_y_m_n_b.jpg,101_y_f_n_b.jpg,177_y_f_s_b.jpg,im1_3fn__im2_1mn__im3_2ms__im4_8fs__im5_4fs__im6_9mn__im7_11fn__im8_7fn__im9_14ms__im10_13ms__im11_15fs__im12_5mn__im13_6ms__im14_10mn__im15_12fn__im16_16fs__,0
18,2_neutral,144_y_m_n_b.jpg,119_y_m_s_b.jpg,173_y_f_s_b.jpg,101_y_f_n_b.jpg,160_y_m_s_b.jpg,177_y_f_s_b.jpg,008_y_m_n_b.jpg,090_y_f_s_a.jpg,072_y_m_n_b.jpg,175_y_m_s_b.jpg,048_y_f_n_a.jpg,106_y_f_n_b.jpg,069_y_f_n_b.jpg,062_y_m_n_a.jpg,049_y_m_s_a.jpg,054_y_f_s_a.jpg,im1_5mn__im2_6ms__im3_15fs__im4_12fn__im5_13ms__im6_16fs__im7_1mn__im8_8fs__im9_10mn__im10_14ms__im11_3fn__im12_11fn__im13_7fn__im14_9mn__im15_2ms__im16_4fs__,0
19,2_neutral,062_y_m_h_b.jpg,054_y_f_n_b.jpg,072_y_m_n_b.jpg,106_y_f_h_a.jpg,090_y_f_n_a.jpg,069_y_f_h_b.jpg,049_y_m_n_a.jpg,119_y_m_n_b.jpg,177_y_f_h_a.jpg,144_y_m_h_b.jpg,173_y_f_n_b.jpg,175_y_m_h_b.jpg,101_y_f_n_b.jpg,048_y_f_h_a.jpg,160_y_m_h_b.jpg,008_y_m_n_b.jpg,im1_9mh__im2_4fn__im3_10mn__im4_11fh__im5_8fn__im6_7fh__im7_2mn__im8_6mn__im9_16fh__im10_5mh__im11_15fn__im12_14mh__im13_12fn__im14_3fh__im15_13mh__im16_1mn__,0
20,2_neutral,054_y_f_n_b.jpg,069_y_f_h_b.jpg,008_y_m_n_b.jpg,062_y_m_h_b.jpg,072_y_m_n_b.jpg,049_y_m_n_a.jpg,090_y_f_n_a.jpg,101_y_f_n_b.jpg,048_y_f_h_a.jpg,177_y_f_h_a.jpg,144_y_m_h_b.jpg,173_y_f_n_b.jpg,119_y_m_n_b.jpg,160_y_m_h_b.jpg,106_y_f_h_a.jpg,175_y_m_h_b.jpg,im1_4fn__im2_7fh__im3_1mn__im4_9mh__im5_10mn__im6_2mn__im7_8fn__im8_12fn__im9_3fh__im10_16fh__im11_5mh__im12_15fn__im13_6mn__im14_13mh__im15_11fh__im16_14mh__,0
21,2_neutral,090_y_f_s_a.jpg,173_y_f_s_b.jpg,008_y_m_n_b.jpg,119_y_m_s_b.jpg,049_y_m_s_a.jpg,069_y_f_n_b.jpg,062_y_m_n_a.jpg,106_y_f_n_b.jpg,144_y_m_n_b.jpg,054_y_f_s_a.jpg,160_y_m_s_b.jpg,101_y_f_n_b.jpg,072_y_m_n_b.jpg,177_y_f_s_b.jpg,175_y_m_s_b.jpg,048_y_f_n_a.jpg,im1_8fs__im2_15fs__im3_1mn__im4_6ms__im5_2ms__im6_7fn__im7_9mn__im8_11fn__im9_5mn__im10_4fs__im11_13ms__im12_12fn__im13_10mn__im14_16fs__im15_14ms__im16_3fn__,0
22,2_neutral,160_y_m_h_b.jpg,072_y_m_n_b.jpg,106_y_f_h_a.jpg,090_y_f_n_a.jpg,049_y_m_n_a.jpg,119_y_m_n_b.jpg,069_y_f_h_b.jpg,144_y_m_h_b.jpg,101_y_f_n_b.jpg,173_y_f_n_b.jpg,062_y_m_h_b.jpg,177_y_f_h_a.jpg,054_y_f_n_b.jpg,008_y_m_n_b.jpg,175_y_m_h_b.jpg,048_y_f_h_a.jpg,im1_13mh__im2_10mn__im3_11fh__im4_8fn__im5_2mn__im6_6mn__im7_7fh__im8_5mh__im9_12fn__im10_15fn__im11_9mh__im12_16fh__im13_4fn__im14_1mn__im15_14mh__im16_3fh__,0
23,2_neutral,144_y_m_h_b.jpg,101_y_f_n_b.jpg,069_y_f_h_b.jpg,008_y_m_n_b.jpg,177_y_f_h_a.jpg,072_y_m_n_b.jpg,175_y_m_h_b.jpg,049_y_m_n_a.jpg,160_y_m_h_b.jpg,054_y_f_n_b.jpg,048_y_f_h_a.jpg,090_y_f_n_a.jpg,106_y_f_h_a.jpg,062_y_m_h_b.jpg,119_y_m_n_b.jpg,173_y_f_n_b.jpg,im1_5mh__im2_12fn__im3_7fh__im4_1mn__im5_16fh__im6_10mn__im7_14mh__im8_2mn__im9_13mh__im10_4fn__im11_3fh__im12_8fn__im13_11fh__im14_9mh__im15_6mn__im16_15fn__,0
24,2_neutral,008_y_m_n_b.jpg,049_y_m_s_a.jpg,090_y_f_s_a.jpg,048_y_f_n_a.jpg,173_y_f_s_b.jpg,160_y_m_s_b.jpg,069_y_f_n_b.jpg,144_y_m_n_b.jpg,106_y_f_n_b.jpg,062_y_m_n_a.jpg,054_y_f_s_a.jpg,175_y_m_s_b.jpg,177_y_f_s_b.jpg,101_y_f_n_b.jpg,072_y_m_n_b.jpg,119_y_m_s_b.jpg,im1_1mn__im2_2ms__im3_8fs__im4_3fn__im5_15fs__im6_13ms__im7_7fn__im8_5mn__im9_11fn__im10_9mn__im11_4fs__im12_14ms__im13_16fs__im14_12fn__im15_10mn__im16_6ms__,0
25,2_neutral,101_y_f_n_b.jpg,177_y_f_h_a.jpg,119_y_m_n_b.jpg,049_y_m_n_a.jpg,175_y_m_h_b.jpg,048_y_f_h_a.jpg,160_y_m_h_b.jpg,090_y_f_n_a.jpg,106_y_f_h_a.jpg,008_y_m_n_b.jpg,054_y_f_n_b.jpg,072_y_m_n_b.jpg,173_y_f_n_b.jpg,069_y_f_h_b.jpg,062_y_m_h_b.jpg,144_y_m_h_b.jpg,im1_12fn__im2_16fh__im3_6mn__im4_2mn__im5_14mh__im6_3fh__im7_13mh__im8_8fn__im9_11fh__im10_1mn__im11_4fn__im12_10mn__im13_15fn__im14_7fh__im15_9mh__im16_5mh__,0
26,2_neutral,069_y_f_n_b.jpg,101_y_f_h_b.jpg,144_y_m_n_b.jpg,008_y_m_h_a.jpg,049_y_m_h_a.jpg,072_y_m_h_b.jpg,048_y_f_n_a.jpg,173_y_f_h_b.jpg,119_y_m_h_a.jpg,175_y_m_n_b.jpg,054_y_f_h_a.jpg,090_y_f_h_a.jpg,062_y_m_n_a.jpg,106_y_f_n_b.jpg,177_y_f_n_a.jpg,160_y_m_n_a.jpg,im1_7fn__im2_12fh__im3_5mn__im4_1mh__im5_2mh__im6_10mh__im7_3fn__im8_15fh__im9_6mh__im10_14mn__im11_4fh__im12_8fh__im13_9mn__im14_11fn__im15_16fn__im16_13mn__,0
27,2_neutral,054_y_f_s_a.jpg,072_y_m_n_b.jpg,048_y_f_n_a.jpg,049_y_m_s_a.jpg,177_y_f_s_b.jpg,106_y_f_n_b.jpg,160_y_m_s_b.jpg,175_y_m_s_b.jpg,069_y_f_n_b.jpg,173_y_f_s_b.jpg,062_y_m_n_a.jpg,008_y_m_n_b.jpg,101_y_f_n_b.jpg,119_y_m_s_b.jpg,144_y_m_n_b.jpg,090_y_f_s_a.jpg,im1_4fs__im2_10mn__im3_3fn__im4_2ms__im5_16fs__im6_11fn__im7_13ms__im8_14ms__im9_7fn__im10_15fs__im11_9mn__im12_1mn__im13_12fn__im14_6ms__im15_5mn__im16_8fs__,0
28,2_neutral,119_y_m_n_b.jpg,101_y_f_s_b.jpg,054_y_f_n_b.jpg,072_y_m_s_a.jpg,177_y_f_n_a.jpg,175_y_m_n_b.jpg,008_y_m_s_b.jpg,048_y_f_s_b.jpg,160_y_m_n_a.jpg,106_y_f_s_a.jpg,173_y_f_n_b.jpg,062_y_m_s_b.jpg,049_y_m_n_a.jpg,090_y_f_n_a.jpg,069_y_f_s_b.jpg,144_y_m_s_a.jpg,im1_6mn__im2_12fs__im3_4fn__im4_10ms__im5_16fn__im6_14mn__im7_1ms__im8_3fs__im9_13mn__im10_11fs__im11_15fn__im12_9ms__im13_2mn__im14_8fn__im15_7fs__im16_5ms__,0
29,2_neutral,101_y_f_h_b.jpg,069_y_f_n_b.jpg,008_y_m_h_a.jpg,144_y_m_n_b.jpg,160_y_m_n_a.jpg,177_y_f_n_a.jpg,072_y_m_h_b.jpg,049_y_m_h_a.jpg,048_y_f_n_a.jpg,090_y_f_h_a.jpg,175_y_m_n_b.jpg,054_y_f_h_a.jpg,119_y_m_h_a.jpg,062_y_m_n_a.jpg,106_y_f_n_b.jpg,173_y_f_h_b.jpg,im1_12fh__im2_7fn__im3_1mh__im4_5mn__im5_13mn__im6_16fn__im7_10mh__im8_2mh__im9_3fn__im10_8fh__im11_14mn__im12_4fh__im13_6mh__im14_9mn__im15_11fn__im16_15fh__,0
30,2_neutral,101_y_f_s_b.jpg,144_y_m_s_a.jpg,173_y_f_n_b.jpg,160_y_m_n_a.jpg,072_y_m_s_a.jpg,177_y_f_n_a.jpg,048_y_f_s_b.jpg,119_y_m_n_b.jpg,106_y_f_s_a.jpg,008_y_m_s_b.jpg,175_y_m_n_b.jpg,090_y_f_n_a.jpg,069_y_f_s_b.jpg,054_y_f_n_b.jpg,049_y_m_n_a.jpg,062_y_m_s_b.jpg,im1_12fs__im2_5ms__im3_15fn__im4_13mn__im5_10ms__im6_16fn__im7_3fs__im8_6mn__im9_11fs__im10_1ms__im11_14mn__im12_8fn__im13_7fs__im14_4fn__im15_2mn__im16_9ms__,0
31,2_neutral,173_y_f_n_b.jpg,048_y_f_h_a.jpg,049_y_m_n_a.jpg,101_y_f_n_b.jpg,054_y_f_n_b.jpg,090_y_f_n_a.jpg,177_y_f_h_a.jpg,160_y_m_h_b.jpg,008_y_m_n_b.jpg,175_y_m_h_b.jpg,072_y_m_n_b.jpg,144_y_m_h_b.jpg,062_y_m_h_b.jpg,119_y_m_n_b.jpg,069_y_f_h_b.jpg,106_y_f_h_a.jpg,im1_15fn__im2_3fh__im3_2mn__im4_12fn__im5_4fn__im6_8fn__im7_16fh__im8_13mh__im9_1mn__im10_14mh__im11_10mn__im12_5mh__im13_9mh__im14_6mn__im15_7fh__im16_11fh__,0
32,2_neutral,119_y_m_h_a.jpg,175_y_m_n_b.jpg,177_y_f_n_a.jpg,173_y_f_h_b.jpg,062_y_m_n_a.jpg,048_y_f_n_a.jpg,054_y_f_h_a.jpg,072_y_m_h_b.jpg,106_y_f_n_b.jpg,008_y_m_h_a.jpg,160_y_m_n_a.jpg,101_y_f_h_b.jpg,049_y_m_h_a.jpg,090_y_f_h_a.jpg,144_y_m_n_b.jpg,069_y_f_n_b.jpg,im1_6mh__im2_14mn__im3_16fn__im4_15fh__im5_9mn__im6_3fn__im7_4fh__im8_10mh__im9_11fn__im10_1mh__im11_13mn__im12_12fh__im13_2mh__im14_8fh__im15_5mn__im16_7fn__,0
